"ID","Name","Stable ability ID","Slot","Control","Power name","Type","Declared description","Full source parameters","Definition source"
"sol","SOL","sol.lmb","lmb","LMB","Heat Ray","beam","Not separately declared; see character identity and parameters","{""type"":""beam"",""name"":""Heat Ray"",""cost"":4,""cd"":0.25,""radius"":0.55,""tipSpeed"":3600,""maxLen"":145,""dps"":60,""kiPerSec"":16,""steer"":13,""faceOrigin"":true,""color"":""#e01a2e"",""color2"":""#ffffff"",""dtype"":""fire""}","src/data/characters.js"
"sol","SOL","sol.rmb","rmb","RMB","Arctic Breath","cone","Not separately declared; see character identity and parameters","{""type"":""cone"",""name"":""Arctic Breath"",""kiPerSec"":20,""range"":38,""arc"":1.15,""dps"":26,""cold"":true,""color"":""#bfe9ff""}","src/data/characters.js"
"sol","SOL","sol.q","q","Q","Sky Smash","melee","Not separately declared; see character identity and parameters","{""type"":""melee"",""name"":""Sky Smash"",""cost"":14,""cd"":1.1,""damage"":30,""range"":13,""arc"":0.75,""lunge"":64,""knock"":58,""launch"":18,""fly"":true,""color"":""#ffd24a""}","src/data/characters.js"
"sol","SOL","sol.e","e","E","Solar Flare","projectile","Not separately declared; see character identity and parameters","{""type"":""projectile"",""name"":""Solar Flare"",""cost"":8,""cd"":0.5,""damage"":18,""speed"":78,""radius"":1.5,""blast"":7,""homing"":2.4,""color"":""#ff8a3d"",""color2"":""#ffd24a"",""dtype"":""fire""}","src/data/characters.js"
"sol","SOL","sol.f","f","H","Heat Flurry","volley","Not separately declared; see character identity and parameters","{""type"":""volley"",""name"":""Heat Flurry"",""cost"":3,""interval"":0.08,""damage"":7,""speed"":108,""radius"":0.8,""blast"":3.4,""spread"":0.11,""color"":""#ff7a2a"",""color2"":""#ffd24a"",""dtype"":""fire""}","src/data/characters.js"
"sol","SOL","sol.shift","shift","SHIFT","Super Dash","dash","Not separately declared; see character identity and parameters","{""type"":""dash"",""name"":""Super Dash"",""cost"":6,""cd"":0.6,""power"":104,""iframes"":0.26,""color"":""#ffd24a""}","src/data/characters.js"
"kano","KANO","kano.lmb","lmb","LMB","Wave Cannon","beam","Not separately declared; see character identity and parameters","{""type"":""beam"",""material"":""air"",""name"":""Wave Cannon"",""cost"":8,""cd"":0.6,""radius"":2.6,""tipSpeed"":518,""maxLen"":150,""dps"":88,""kiPerSec"":22,""charge"":true,""maxCharge"":1.6,""kiChargePerSec"":14,""chargePower"":1.7,""chargeWidth"":true,""steer"":9,""color"":""#7fd4ff"",""color2"":""#eaffff""}","src/data/characters.js"
"kano","KANO","kano.rmb","rmb","RMB","Comet Rush","rush","Not separately declared; see character identity and parameters","{""type"":""rush"",""name"":""Comet Rush"",""cost"":16,""cd"":2.2,""range"":72,""hits"":7,""interval"":0.09,""damage"":9,""finisher"":34,""color"":""#eaffff""}","src/data/characters.js"
"kano","KANO","kano.q","q","Q","Ki Blast","projectile","Not separately declared; see character identity and parameters","{""type"":""projectile"",""name"":""Ki Blast"",""cost"":6,""cd"":0.28,""damage"":12,""speed"":92,""radius"":1.1,""blast"":4.5,""homing"":2,""color"":""#7fd4ff"",""color2"":""#eaffff""}","src/data/characters.js"
"kano","KANO","kano.e","e","E","Snap Transit","teleport","Not separately declared; see character identity and parameters","{""type"":""teleport"",""name"":""Snap Transit"",""cost"":12,""cd"":1.4,""range"":58,""color"":""#eaffff""}","src/data/characters.js"
"kano","KANO","kano.shift","shift","SHIFT","Flash Step","dash","Not separately declared; see character identity and parameters","{""type"":""dash"",""name"":""Flash Step"",""cost"":5,""cd"":0.5,""power"":96,""iframes"":0.24,""color"":""#eaffff""}","src/data/characters.js"
"kano","KANO","kano.r","r","R","Star Sphere","growingorb","Not separately declared; see character identity and parameters","{""type"":""growingorb"",""name"":""Star Sphere"",""cost"":20,""cd"":16,""minR"":5,""maxR"":20,""growRate"":8,""kiPerSec"":16,""color"":""#9effcf"",""color2"":""#eaffff""}","src/data/characters.js"
"vega","VEGAS","vega.lmb","lmb","LMB","Volley","volley","Not separately declared; see character identity and parameters","{""type"":""volley"",""name"":""Volley"",""cost"":3,""interval"":0.07,""damage"":7,""speed"":112,""radius"":0.85,""blast"":3.6,""spread"":0.1,""color"":""#6ea0ff"",""color2"":""#eaffff""}","src/data/characters.js"
"vega","VEGAS","vega.rmb","rmb","RMB","Violet Lance","beam","Not separately declared; see character identity and parameters","{""type"":""beam"",""name"":""Violet Lance"",""cost"":8,""cd"":0.6,""radius"":1.45,""tipSpeed"":583,""maxLen"":150,""dps"":80,""kiPerSec"":22,""charge"":true,""maxCharge"":1.4,""kiChargePerSec"":16,""chargePower"":1.5,""chargeWidth"":true,""steer"":9,""spiral"":true,""color"":""#5a86ff"",""color2"":""#bfd0ff""}","src/data/characters.js"
"vega","VEGAS","vega.q","q","Q","Nova Burst","charge","Not separately declared; see character identity and parameters","{""type"":""charge"",""name"":""Nova Burst"",""cost"":6,""cd"":1,""kiPerSec"":12,""maxCharge"":2.4,""minR"":1.3,""maxR"":6.2,""dmgMin"":22,""dmgMax"":84,""maxBlast"":32,""speedMin"":40,""speedMax"":76,""chargePower"":3,""color"":""#6ea0ff"",""color2"":""#eaffff""}","src/data/characters.js"
"vega","VEGAS","vega.e","e","E","Rush Combo","melee","Not separately declared; see character identity and parameters","{""type"":""melee"",""contact"":""fist"",""name"":""Rush Combo"",""cost"":12,""cd"":1.2,""damage"":24,""range"":12,""arc"":0.8,""lunge"":52,""knock"":46,""launch"":12,""color"":""#6ea0ff""}","src/data/characters.js"
"vega","VEGAS","vega.shift","shift","SHIFT","Burst Dash","dash","Not separately declared; see character identity and parameters","{""type"":""dash"",""name"":""Burst Dash"",""cost"":5,""cd"":0.55,""power"":98,""iframes"":0.24,""color"":""#6ea0ff""}","src/data/characters.js"
"vega","VEGAS","vega.r","r","R","Final Arc","beam","Not separately declared; see character identity and parameters","{""type"":""beam"",""material"":""air"",""name"":""Final Arc"",""cost"":24,""cd"":14,""radius"":3.4,""tipSpeed"":648,""maxLen"":170,""dps"":130,""kiPerSec"":30,""charge"":true,""maxCharge"":2,""kiChargePerSec"":20,""chargePower"":2,""chargeWidth"":true,""steer"":6,""color"":""#eaffa0"",""color2"":""#ffffff""}","src/data/characters.js"
"aurum","AURUM","aurum.lmb","lmb","LMB","Will Fist","construct","Not separately declared; see character identity and parameters","{""type"":""construct"",""name"":""Will Fist"",""cost"":14,""cd"":5,""construct"":""fist"",""duration"":11,""color"":""#5fe07a""}","src/data/characters.js"
"aurum","AURUM","aurum.rmb","rmb","RMB","Will Hammer","construct","Not separately declared; see character identity and parameters","{""type"":""construct"",""name"":""Will Hammer"",""cost"":16,""cd"":6,""construct"":""hammer"",""duration"":10,""color"":""#3fd06a""}","src/data/characters.js"
"aurum","AURUM","aurum.q","q","Q","Barrier","construct","Not separately declared; see character identity and parameters","{""type"":""construct"",""name"":""Barrier"",""cost"":12,""cd"":7,""construct"":""wall"",""duration"":9,""holdTrigger"":true,""color"":""#7dff9e""}","src/data/characters.js"
"aurum","AURUM","aurum.e","e","E","Sentry","construct","Not separately declared; see character identity and parameters","{""type"":""construct"",""name"":""Sentry"",""cost"":16,""cd"":8,""construct"":""turret"",""duration"":12,""color"":""#5fe07a""}","src/data/characters.js"
"aurum","AURUM","aurum.f","f","H","Emerald Bolt","projectile","Not separately declared; see character identity and parameters","{""type"":""projectile"",""name"":""Emerald Bolt"",""cost"":7,""cd"":0.4,""damage"":18,""speed"":88,""radius"":1.4,""blast"":6,""color"":""#5fe07a"",""color2"":""#eaffea""}","src/data/characters.js"
"aurum","AURUM","aurum.shift","shift","SHIFT","Will Surge","dash","Not separately declared; see character identity and parameters","{""type"":""dash"",""name"":""Will Surge"",""cost"":5,""cd"":0.6,""power"":96,""iframes"":0.24,""color"":""#7dff9e""}","src/data/characters.js"
"nova","NOVA","nova.lmb","lmb","LMB","Star Lance","beam","Not separately declared; see character identity and parameters","{""type"":""beam"",""material"":""light"",""name"":""Star Lance"",""cost"":4,""cd"":0.3,""radius"":1.1,""tipSpeed"":907,""maxLen"":150,""dps"":60,""kiPerSec"":16,""steer"":12,""color"":""#ffd24a"",""color2"":""#fff2c0""}","src/data/characters.js"
"nova","NOVA","nova.rmb","rmb","RMB","Nova Core","charge","Not separately declared; see character identity and parameters","{""type"":""charge"",""name"":""Nova Core"",""cost"":6,""cd"":1,""kiPerSec"":12,""maxCharge"":2.2,""minR"":1.4,""maxR"":5.8,""dmgMin"":22,""dmgMax"":76,""maxBlast"":30,""speedMin"":42,""speedMax"":74,""chargePower"":2.8,""color"":""#ff8a3d"",""color2"":""#ffe08a""}","src/data/characters.js"
"nova","NOVA","nova.q","q","Q","Plasma Orb","projectile","Not separately declared; see character identity and parameters","{""type"":""projectile"",""name"":""Plasma Orb"",""cost"":8,""cd"":0.5,""damage"":20,""speed"":60,""radius"":1.8,""blast"":10,""grav"":10,""shock"":true,""color"":""#ff8a3d"",""color2"":""#ffd24a""}","src/data/characters.js"
"nova","NOVA","nova.e","e","E","Solar Wind","cone","Not separately declared; see character identity and parameters","{""type"":""cone"",""name"":""Solar Wind"",""kiPerSec"":16,""range"":34,""arc"":1,""dps"":18,""push"":46,""lift"":4,""color"":""#ffd24a"",""dtype"":""fire""}","src/data/characters.js"
"nova","NOVA","nova.f","f","H","Ember Spray","volley","Not separately declared; see character identity and parameters","{""type"":""volley"",""name"":""Ember Spray"",""cost"":3,""interval"":0.08,""damage"":6,""speed"":104,""radius"":0.8,""blast"":3.2,""spread"":0.14,""color"":""#ff8a3d"",""color2"":""#ffd24a"",""dtype"":""fire""}","src/data/characters.js"
"nova","NOVA","nova.shift","shift","SHIFT","Sun Step","dash","Not separately declared; see character identity and parameters","{""type"":""dash"",""name"":""Sun Step"",""cost"":5,""cd"":0.6,""power"":98,""iframes"":0.24,""color"":""#ffd24a""}","src/data/characters.js"
"nova","NOVA","nova.r","r","R","Meteor Storm","meteor","Not separately declared; see character identity and parameters","{""type"":""meteor"",""name"":""Meteor Storm"",""cost"":34,""cd"":18,""count"":14,""interval"":0.18,""spread"":28,""radius"":3,""damage"":34,""blast"":18,""color"":""#ff8a3d"",""color2"":""#ffd24a""}","src/data/characters.js"
"rime","RIME","rime.lmb","lmb","LMB","Frost Breath","cone","Not separately declared; see character identity and parameters","{""type"":""cone"",""name"":""Frost Breath"",""kiPerSec"":18,""range"":40,""arc"":1.2,""dps"":24,""cold"":true,""color"":""#bfeaff""}","src/data/characters.js"
"rime","RIME","rime.rmb","rmb","RMB","Shard Volley","volley","Not separately declared; see character identity and parameters","{""type"":""volley"",""name"":""Shard Volley"",""cost"":3,""interval"":0.09,""damage"":7,""speed"":120,""radius"":0.8,""blast"":3,""spread"":0.08,""color"":""#bfeaff"",""color2"":""#eaffff"",""dtype"":""cold""}","src/data/characters.js"
"rime","RIME","rime.q","q","Q","Ice Wall","construct","Not separately declared; see character identity and parameters","{""type"":""construct"",""name"":""Ice Wall"",""cost"":10,""cd"":6,""construct"":""wall"",""duration"":9,""holdTrigger"":true,""color"":""#bfeaff"",""dtype"":""cold""}","src/data/characters.js"
"rime","RIME","rime.e","e","E","Cryo Beam","beam","Not separately declared; see character identity and parameters","{""type"":""beam"",""name"":""Cryo Beam"",""cost"":5,""cd"":0.4,""radius"":1.6,""tipSpeed"":734,""maxLen"":130,""dps"":46,""kiPerSec"":18,""steer"":10,""color"":""#7fd4ff"",""color2"":""#eaffff"",""dtype"":""cold""}","src/data/characters.js"
"rime","RIME","rime.f","f","H","Glacier Spike","projectile","Not separately declared; see character identity and parameters","{""type"":""projectile"",""name"":""Glacier Spike"",""cost"":9,""cd"":0.6,""damage"":22,""speed"":70,""radius"":1.6,""blast"":8,""shock"":true,""color"":""#7fd4ff"",""color2"":""#eaffff""}","src/data/characters.js"
"rime","RIME","rime.shift","shift","SHIFT","Ice Skate","dash","Not separately declared; see character identity and parameters","{""type"":""dash"",""name"":""Ice Skate"",""cost"":4,""cd"":0.5,""power"":100,""iframes"":0.24,""color"":""#eaffff""}","src/data/characters.js"
"rime","RIME","rime.r","r","R","Absolute Zero","charge","Not separately declared; see character identity and parameters","{""type"":""charge"",""name"":""Absolute Zero"",""cost"":10,""cd"":14,""kiPerSec"":14,""maxCharge"":2.2,""minR"":2,""maxR"":7,""dmgMin"":26,""dmgMax"":80,""maxBlast"":36,""speedMin"":36,""speedMax"":60,""chargePower"":3,""color"":""#bfeaff"",""color2"":""#eaffff"",""dtype"":""cold""}","src/data/characters.js"
"volt","VOLT","volt.lmb","lmb","LMB","Lightning Flurry","rush","Not separately declared; see character identity and parameters","{""type"":""rush"",""material"":""shock"",""name"":""Lightning Flurry"",""cost"":10,""cd"":1.1,""range"":60,""hits"":12,""interval"":0.05,""damage"":6,""finisher"":30,""color"":""#eaffff""}","src/data/characters.js"
"volt","VOLT","volt.rmb","rmb","RMB","Arc Beam","beam","Not separately declared; see character identity and parameters","{""type"":""beam"",""material"":""shock"",""name"":""Arc Beam"",""cost"":4,""cd"":0.3,""radius"":1,""tipSpeed"":1080,""maxLen"":140,""dps"":58,""kiPerSec"":16,""steer"":15,""color"":""#eaffff"",""color2"":""#ffe066""}","src/data/characters.js"
"volt","VOLT","volt.q","q","Q","Chain Bolt","projectile","Not separately declared; see character identity and parameters","{""type"":""projectile"",""material"":""shock"",""name"":""Chain Bolt"",""shockDuration"":1.1,""cost"":6,""cd"":0.35,""damage"":14,""speed"":120,""radius"":1,""blast"":5,""homing"":3.4,""color"":""#ffe066"",""color2"":""#eaffff""}","src/data/characters.js"
"volt","VOLT","volt.e","e","E","Static Field","cone","Not separately declared; see character identity and parameters","{""type"":""cone"",""material"":""shock"",""name"":""Static Field"",""shockDuration"":0.8,""kiPerSec"":16,""range"":28,""arc"":1.3,""dps"":20,""push"":40,""color"":""#ffe066""}","src/data/characters.js"
"volt","VOLT","volt.f","f","H","Zap Step","teleport","Not separately declared; see character identity and parameters","{""type"":""teleport"",""name"":""Zap Step"",""cost"":8,""cd"":0.8,""range"":44,""color"":""#eaffff""}","src/data/characters.js"
"volt","VOLT","volt.shift","shift","SHIFT","Blink","dash","Not separately declared; see character identity and parameters","{""type"":""dash"",""name"":""Blink"",""cost"":3,""cd"":0.35,""power"":130,""iframes"":0.28,""color"":""#eaffff""}","src/data/characters.js"
"warden","WARDEN","warden.lmb","lmb","LMB","Force Push","cone","Not separately declared; see character identity and parameters","{""type"":""cone"",""name"":""Force Push"",""kiPerSec"":16,""range"":32,""arc"":1.25,""dps"":16,""push"":60,""lift"":6,""color"":""#7fe6ff""}","src/data/characters.js"
"warden","WARDEN","warden.rmb","rmb","RMB","Graviton","projectile","Not separately declared; see character identity and parameters","{""type"":""projectile"",""name"":""Graviton"",""cost"":9,""cd"":0.6,""damage"":22,""speed"":56,""radius"":1.9,""blast"":12,""grav"":9,""shock"":true,""color"":""#7fe6ff"",""color2"":""#d0f6ff""}","src/data/characters.js"
"warden","WARDEN","warden.q","q","Q","Singularity","growingorb","Not separately declared; see character identity and parameters","{""type"":""growingorb"",""name"":""Singularity"",""cost"":18,""cd"":12,""minR"":3.5,""maxR"":15,""growRate"":9,""kiPerSec"":15,""color"":""#7fe6ff"",""color2"":""#eaffff""}","src/data/characters.js"
"warden","WARDEN","warden.e","e","E","Anchor Slam","melee","Not separately declared; see character identity and parameters","{""type"":""melee"",""name"":""Anchor Slam"",""cost"":12,""cd"":1.1,""damage"":28,""range"":13,""arc"":0.8,""lunge"":44,""knock"":40,""launch"":20,""color"":""#7fe6ff""}","src/data/characters.js"
"warden","WARDEN","warden.f","f","H","Phase","teleport","Not separately declared; see character identity and parameters","{""type"":""teleport"",""name"":""Phase"",""cost"":10,""cd"":1.2,""range"":40,""color"":""#7fe6ff""}","src/data/characters.js"
"warden","WARDEN","warden.shift","shift","SHIFT","Slide","dash","Not separately declared; see character identity and parameters","{""type"":""dash"",""name"":""Slide"",""cost"":4,""cd"":0.5,""power"":92,""iframes"":0.22,""color"":""#7fe6ff""}","src/data/characters.js"
"warden","WARDEN","warden.r","r","R","Collapse","charge","Not separately declared; see character identity and parameters","{""type"":""charge"",""name"":""Collapse"",""cost"":10,""cd"":15,""kiPerSec"":13,""maxCharge"":2.4,""minR"":2,""maxR"":7.5,""dmgMin"":28,""dmgMax"":90,""maxBlast"":40,""speedMin"":34,""speedMax"":58,""chargePower"":3.2,""color"":""#7fe6ff"",""color2"":""#eaffff""}","src/data/characters.js"
"hive","HIVE","hive.lmb","lmb","LMB","Drone Swarm","summon","Not separately declared; see character identity and parameters","{""type"":""summon"",""name"":""Drone Swarm"",""cost"":16,""cd"":4,""count"":3,""max"":6,""duration"":12,""damage"":7,""interval"":0.7,""speed"":82,""color"":""#ffdf7a"",""color2"":""#fff""}","src/data/characters.js"
"hive","HIVE","hive.rmb","rmb","RMB","Sentinel","construct","Not separately declared; see character identity and parameters","{""type"":""construct"",""name"":""Sentinel"",""cost"":16,""cd"":7,""construct"":""turret"",""duration"":12,""color"":""#ffdf7a""}","src/data/characters.js"
"hive","HIVE","hive.q","q","Q","Formic Sting","projectile","Not separately declared; see character identity and parameters","{""type"":""projectile"",""name"":""Formic Sting"",""dtype"":""toxic"",""cost"":6,""cd"":0.35,""damage"":12,""speed"":96,""radius"":1,""blast"":4,""homing"":3,""payload"":""acid"",""color"":""#c8e04a"",""color2"":""#fff""}","src/data/characters.js"
"hive","HIVE","hive.e","e","E","Hunter Pack","summon","Not separately declared; see character identity and parameters","{""type"":""summon"",""name"":""Hunter Pack"",""cost"":24,""cd"":8,""count"":2,""max"":8,""duration"":14,""damage"":12,""interval"":0.55,""speed"":92,""color"":""#ffcf5a"",""color2"":""#fff""}","src/data/characters.js"
"hive","HIVE","hive.f","f","H","Scatter","cone","Not separately declared; see character identity and parameters","{""type"":""cone"",""name"":""Scatter"",""kiPerSec"":14,""range"":26,""arc"":1.2,""dps"":16,""push"":38,""color"":""#ffdf7a""}","src/data/characters.js"
"hive","HIVE","hive.shift","shift","SHIFT","Scramble","dash","Not separately declared; see character identity and parameters","{""type"":""dash"",""name"":""Scramble"",""cost"":5,""cd"":0.6,""power"":94,""iframes"":0.24,""color"":""#ffdf7a""}","src/data/characters.js"
"pyre","PYRE","pyre.lmb","lmb","LMB","Fireball","projectile","Not separately declared; see character identity and parameters","{""type"":""projectile"",""name"":""Fireball"",""cost"":7,""cd"":0.4,""damage"":18,""speed"":72,""radius"":1.6,""blast"":10,""grav"":8,""shock"":true,""color"":""#ff5a1a"",""color2"":""#ffb03a"",""dtype"":""fire""}","src/data/characters.js"
"pyre","PYRE","pyre.rmb","rmb","RMB","Flamethrower","cone","Not separately declared; see character identity and parameters","{""type"":""cone"",""name"":""Flamethrower"",""kiPerSec"":18,""range"":34,""arc"":1,""dps"":30,""push"":14,""color"":""#ff6a1a"",""dtype"":""fire""}","src/data/characters.js"
"pyre","PYRE","pyre.q","q","Q","Magma Bomb","charge","Not separately declared; see character identity and parameters","{""type"":""charge"",""name"":""Magma Bomb"",""cost"":6,""cd"":1,""kiPerSec"":12,""maxCharge"":2.2,""minR"":1.5,""maxR"":6.5,""dmgMin"":24,""dmgMax"":82,""maxBlast"":34,""speedMin"":40,""speedMax"":68,""chargePower"":3,""color"":""#ff5a1a"",""color2"":""#ffb03a"",""dtype"":""fire""}","src/data/characters.js"
"pyre","PYRE","pyre.e","e","E","Burning Fist","melee","Not separately declared; see character identity and parameters","{""type"":""melee"",""name"":""Burning Fist"",""cost"":12,""cd"":1,""damage"":26,""range"":12,""arc"":0.8,""lunge"":54,""knock"":48,""launch"":12,""fly"":true,""color"":""#ffb03a"",""dtype"":""fire""}","src/data/characters.js"
"pyre","PYRE","pyre.f","f","H","Cinder Burst","volley","Not separately declared; see character identity and parameters","{""type"":""volley"",""name"":""Cinder Burst"",""cost"":3,""interval"":0.08,""damage"":6,""speed"":100,""radius"":0.9,""blast"":3.6,""spread"":0.16,""color"":""#ff5a1a"",""color2"":""#ffb03a""}","src/data/characters.js"
"pyre","PYRE","pyre.shift","shift","SHIFT","Flare Dash","dash","Not separately declared; see character identity and parameters","{""type"":""dash"",""name"":""Flare Dash"",""cost"":5,""cd"":0.6,""power"":98,""iframes"":0.24,""color"":""#ffb03a""}","src/data/characters.js"
"pyre","PYRE","pyre.r","r","R","Rain of Fire","meteor","Not separately declared; see character identity and parameters","{""type"":""meteor"",""name"":""Rain of Fire"",""cost"":32,""cd"":18,""count"":12,""interval"":0.2,""spread"":26,""radius"":3,""damage"":32,""blast"":18,""color"":""#ff5a1a"",""color2"":""#ffb03a"",""dtype"":""fire""}","src/data/characters.js"
"torch","TORCH","torch.lmb","lmb","LMB","Flame Jet","beam","Not separately declared; see character identity and parameters","{""type"":""beam"",""material"":""fire"",""name"":""Flame Jet"",""cost"":4,""cd"":0.3,""radius"":1.4,""tipSpeed"":821,""maxLen"":120,""dps"":56,""kiPerSec"":16,""steer"":12,""color"":""#ff6a1a"",""color2"":""#ffd24a"",""dtype"":""fire""}","src/data/characters.js"
"torch","TORCH","torch.rmb","rmb","RMB","Fire Blast","cone","Not separately declared; see character identity and parameters","{""type"":""cone"",""name"":""Fire Blast"",""kiPerSec"":18,""range"":34,""arc"":1.05,""dps"":30,""push"":20,""color"":""#ff6a1a"",""dtype"":""fire""}","src/data/characters.js"
"torch","TORCH","torch.q","q","Q","Fireball","projectile","Not separately declared; see character identity and parameters","{""type"":""projectile"",""name"":""Fireball"",""cost"":7,""cd"":0.4,""damage"":16,""speed"":80,""radius"":1.5,""blast"":8,""homing"":2.4,""color"":""#ff5a1a"",""color2"":""#ffd24a"",""dtype"":""fire""}","src/data/characters.js"
"torch","TORCH","torch.e","e","E","Flaming Fist","melee","Not separately declared; see character identity and parameters","{""type"":""melee"",""name"":""Flaming Fist"",""cost"":12,""cd"":1,""damage"":24,""range"":12,""arc"":0.8,""lunge"":60,""knock"":48,""launch"":14,""fly"":true,""color"":""#ffd24a""}","src/data/characters.js"
"torch","TORCH","torch.f","f","H","Ember Storm","volley","Not separately declared; see character identity and parameters","{""type"":""volley"",""name"":""Ember Storm"",""cost"":3,""interval"":0.08,""damage"":6,""speed"":104,""radius"":0.85,""blast"":3.4,""spread"":0.14,""color"":""#ff6a1a"",""color2"":""#ffd24a"",""dtype"":""fire""}","src/data/characters.js"
"torch","TORCH","torch.shift","shift","SHIFT","Jet Dash","dash","Not separately declared; see character identity and parameters","{""type"":""dash"",""name"":""Jet Dash"",""cost"":4,""cd"":0.45,""power"":120,""iframes"":0.26,""color"":""#ffd24a""}","src/data/characters.js"
"torch","TORCH","torch.r","r","R","Supernova","nova","Not separately declared; see character identity and parameters","{""type"":""nova"",""name"":""Supernova"",""cost"":0,""cd"":22,""feedRate"":55,""maxFeed"":120,""minRadius"":16,""maxRadius"":44,""dmgMin"":30,""dmgMax"":95,""color"":""#ff6a1a"",""color2"":""#ffd24a""}","src/data/characters.js"
"apex","APEX","apex.lmb","lmb","LMB","Wave Cannon","beam","Not separately declared; see character identity and parameters","{""type"":""beam"",""material"":""air"",""name"":""Wave Cannon"",""cost"":8,""cd"":0.6,""radius"":2.4,""tipSpeed"":540,""maxLen"":150,""dps"":84,""kiPerSec"":22,""charge"":true,""maxCharge"":1.6,""kiChargePerSec"":14,""chargePower"":1.6,""chargeWidth"":true,""steer"":9,""color"":""#9dff5a"",""color2"":""#eaffea""}","src/data/characters.js"
"apex","APEX","apex.rmb","rmb","RMB","Tail Sweep","melee","Not separately declared; see character identity and parameters","{""type"":""melee"",""name"":""Tail Sweep"",""cost"":12,""cd"":1,""damage"":22,""range"":14,""arc"":1.1,""lunge"":36,""knock"":52,""launch"":16,""color"":""#bfff6a""}","src/data/characters.js"
"apex","APEX","apex.q","q","Q","Consume","lifedrain","Not separately declared; see character identity and parameters","{""type"":""lifedrain"",""name"":""Consume"",""kiPerSec"":14,""range"":26,""arc"":0.9,""dps"":22,""ratio"":0.6,""color"":""#9dff5a""}","src/data/characters.js"
"apex","APEX","apex.e","e","E","Afterimage","teleport","Not separately declared; see character identity and parameters","{""type"":""teleport"",""name"":""Afterimage"",""cost"":12,""cd"":1.4,""range"":52,""color"":""#bfff6a""}","src/data/characters.js"
"apex","APEX","apex.f","f","H","Regenerate","buff","Not separately declared; see character identity and parameters","{""type"":""buff"",""name"":""Regenerate"",""cost"":20,""cd"":16,""mult"":1.3,""dur"":8,""heal"":46,""color"":""#9dff5a"",""color2"":""#eaffea""}","src/data/characters.js"
"apex","APEX","apex.shift","shift","SHIFT","Burst Step","dash","Not separately declared; see character identity and parameters","{""type"":""dash"",""name"":""Burst Step"",""cost"":5,""cd"":0.5,""power"":98,""iframes"":0.24,""color"":""#bfff6a""}","src/data/characters.js"
"specter","SPECTER","specter.lmb","lmb","LMB","Solar Beam","beam","Not separately declared; see character identity and parameters","{""type"":""beam"",""material"":""light"",""name"":""Solar Beam"",""cost"":4,""cd"":0.3,""radius"":1,""tipSpeed"":994,""maxLen"":150,""dps"":58,""kiPerSec"":16,""steer"":13,""color"":""#ffe066"",""color2"":""#fff6c0"",""dtype"":""fire""}","src/data/characters.js"
"specter","SPECTER","specter.rmb","rmb","RMB","Density Punch","melee","Not separately declared; see character identity and parameters","{""type"":""melee"",""name"":""Density Punch"",""cost"":14,""cd"":1.1,""damage"":30,""range"":12,""arc"":0.75,""lunge"":44,""knock"":60,""launch"":20,""color"":""#ffe066""}","src/data/characters.js"
"specter","SPECTER","specter.q","q","Q","Intangibility","phase","Not separately declared; see character identity and parameters","{""type"":""phase"",""name"":""Intangibility"",""kiPerSec"":18,""color"":""#bfeaff""}","src/data/characters.js"
"specter","SPECTER","specter.e","e","E","Stone Bolt","projectile","Not separately declared; see character identity and parameters","{""type"":""projectile"",""name"":""Stone Bolt"",""cost"":8,""cd"":0.5,""damage"":18,""speed"":78,""radius"":1.4,""blast"":7,""homing"":2,""color"":""#ffe066"",""color2"":""#fff6c0""}","src/data/characters.js"
"specter","SPECTER","specter.f","f","H","Max Density","buff","Not separately declared; see character identity and parameters","{""type"":""buff"",""name"":""Max Density"",""cost"":24,""cd"":18,""mult"":1.6,""dur"":8,""invuln"":1.2,""color"":""#c9d4da"",""color2"":""#fff""}","src/data/characters.js"
"specter","SPECTER","specter.shift","shift","SHIFT","Phase Step","dash","Not separately declared; see character identity and parameters","{""type"":""dash"",""name"":""Phase Step"",""cost"":4,""cd"":0.5,""power"":100,""iframes"":0.3,""color"":""#bfeaff""}","src/data/characters.js"
"specter","SPECTER","specter.r","r","R","Solar Nova","charge","Not separately declared; see character identity and parameters","{""type"":""charge"",""name"":""Solar Nova"",""cost"":8,""cd"":14,""kiPerSec"":12,""maxCharge"":2.2,""minR"":1.6,""maxR"":6.5,""dmgMin"":24,""dmgMax"":82,""maxBlast"":34,""speedMin"":40,""speedMax"":68,""chargePower"":3,""color"":""#ffe066"",""color2"":""#fff6c0"",""dtype"":""fire""}","src/data/characters.js"
"vanguard","VANGUARD","vanguard.lmb","lmb","LMB","Eye Beam","beam","Not separately declared; see character identity and parameters","{""type"":""beam"",""name"":""Eye Beam"",""cost"":4,""cd"":0.28,""radius"":0.55,""tipSpeed"":3600,""maxLen"":150,""dps"":56,""kiPerSec"":16,""steer"":13,""faceOrigin"":true,""color"":""#ff4a4a"",""color2"":""#ffffff""}","src/data/characters.js"
"vanguard","VANGUARD","vanguard.rmb","rmb","RMB","Flying Tackle","melee","Not separately declared; see character identity and parameters","{""type"":""melee"",""name"":""Flying Tackle"",""cost"":14,""cd"":1.1,""damage"":28,""range"":13,""arc"":0.7,""lunge"":74,""knock"":64,""launch"":16,""fly"":true,""color"":""#ffd24a""}","src/data/characters.js"
"vanguard","VANGUARD","vanguard.q","q","Q","Thunderclap","cone","Not separately declared; see character identity and parameters","{""type"":""cone"",""material"":""shock"",""name"":""Thunderclap"",""kiPerSec"":16,""range"":30,""arc"":1.2,""dps"":16,""push"":56,""lift"":5,""color"":""#bfe0ff""}","src/data/characters.js"
"vanguard","VANGUARD","vanguard.e","e","E","Sky Combo","rush","Not separately declared; see character identity and parameters","{""type"":""rush"",""name"":""Sky Combo"",""cost"":16,""cd"":2,""range"":72,""hits"":8,""interval"":0.08,""damage"":9,""finisher"":32,""color"":""#ffd24a""}","src/data/characters.js"
"vanguard","VANGUARD","vanguard.shift","shift","SHIFT","Blitz","dash","Not separately declared; see character identity and parameters","{""type"":""dash"",""name"":""Blitz"",""cost"":4,""cd"":0.4,""power"":126,""iframes"":0.28,""color"":""#ffd24a""}","src/data/characters.js"
"vanguard","VANGUARD","vanguard.r","r","R","Unbreakable","buff","Not separately declared; see character identity and parameters","{""type"":""buff"",""name"":""Unbreakable"",""cost"":30,""cd"":24,""mult"":1.6,""dur"":8,""invuln"":2,""heal"":40,""color"":""#ffd24a"",""color2"":""#fff""}","src/data/characters.js"
"kraken","KRAKEN","kraken.lmb","lmb","LMB","Abyssal Grab","tentacle","Not separately declared; see character identity and parameters","{""type"":""tentacle"",""name"":""Abyssal Grab"",""cost"":18,""cd"":4.5,""range"":36,""holdT"":0.55,""damage"":16,""throwSpeed"":92,""color"":""#4affd4""}","src/data/characters.js"
"kraken","KRAKEN","kraken.rmb","rmb","RMB","Riptide Lash","melee","Not separately declared; see character identity and parameters","{""type"":""melee"",""name"":""Riptide Lash"",""cost"":12,""cd"":1,""damage"":24,""range"":15,""arc"":1.25,""lunge"":30,""knock"":54,""launch"":14,""dmgClass"":""slash"",""color"":""#4affd4""}","src/data/characters.js"
"kraken","KRAKEN","kraken.q","q","Q","Corrosive Ink","cone","Not separately declared; see character identity and parameters","{""type"":""cone"",""name"":""Corrosive Ink"",""kiPerSec"":16,""range"":30,""arc"":1.2,""dps"":18,""push"":44,""dtype"":""acid"",""gasDot"":{""dps"":5,""dur"":4.5,""kind"":""acid"",""corrode"":4,""color"":""#c8e04a""},""color"":""#2a5a44"",""color2"":""#c8e04a""}","src/data/characters.js"
"kraken","KRAKEN","kraken.e","e","E","Abyss Bolt","projectile","Not separately declared; see character identity and parameters","{""type"":""projectile"",""name"":""Abyss Bolt"",""cost"":7,""cd"":0.4,""damage"":16,""speed"":82,""radius"":1.4,""blast"":6,""homing"":2,""color"":""#2fdfc0"",""color2"":""#eafff8""}","src/data/characters.js"
"kraken","KRAKEN","kraken.f","f","H","Deep Hunger","buff","Not separately declared; see character identity and parameters","{""type"":""buff"",""name"":""Deep Hunger"",""cost"":24,""cd"":18,""mult"":1.5,""dur"":10,""heal"":30,""color"":""#4affd4"",""color2"":""#eafff8""}","src/data/characters.js"
"kraken","KRAKEN","kraken.shift","shift","SHIFT","Surge","dash","Not separately declared; see character identity and parameters","{""type"":""dash"",""name"":""Surge"",""cost"":5,""cd"":0.6,""power"":96,""iframes"":0.24,""color"":""#4affd4""}","src/data/characters.js"
"kraken","KRAKEN","kraken.r","r","R","Leviathan Maw","charge","Not separately declared; see character identity and parameters","{""type"":""charge"",""name"":""Leviathan Maw"",""cost"":8,""cd"":14,""kiPerSec"":13,""maxCharge"":2.3,""minR"":1.8,""maxR"":7,""dmgMin"":26,""dmgMax"":84,""maxBlast"":36,""speedMin"":36,""speedMax"":62,""chargePower"":3,""color"":""#2fdfc0"",""color2"":""#eafff8""}","src/data/characters.js"
"rift","RIFT","rift.lmb","lmb","LMB","Rift Ray","beam","Not separately declared; see character identity and parameters","{""type"":""beam"",""material"":""arcane"",""name"":""Rift Ray"",""cost"":4,""cd"":0.3,""radius"":1,""tipSpeed"":950,""maxLen"":145,""dps"":56,""kiPerSec"":16,""steer"":13,""color"":""#ff8a2a"",""color2"":""#ffd9b0""}","src/data/characters.js"
"rift","RIFT","rift.rmb","rmb","RMB","Dimensional Door","portal","Not separately declared; see character identity and parameters","{""type"":""portal"",""name"":""Dimensional Door"",""cost"":14,""cd"":1.2,""range"":85,""dur"":14,""colorA"":""#ff8a2a"",""colorB"":""#37c7ff""}","src/data/characters.js"
"rift","RIFT","rift.q","q","Q","Fracture Bolt","projectile","Not separately declared; see character identity and parameters","{""type"":""projectile"",""name"":""Fracture Bolt"",""cost"":7,""cd"":0.4,""damage"":17,""speed"":88,""radius"":1.3,""blast"":6,""color"":""#ff8a2a"",""color2"":""#fff""}","src/data/characters.js"
"rift","RIFT","rift.e","e","E","Step Through","teleport","Not separately declared; see character identity and parameters","{""type"":""teleport"",""name"":""Step Through"",""cost"":11,""cd"":1.3,""range"":52,""color"":""#37c7ff""}","src/data/characters.js"
"rift","RIFT","rift.shift","shift","SHIFT","Slip","dash","Not separately declared; see character identity and parameters","{""type"":""dash"",""name"":""Slip"",""cost"":5,""cd"":0.5,""power"":98,""iframes"":0.26,""color"":""#37c7ff""}","src/data/characters.js"
"rift","RIFT","rift.r","r","R","Event Horizon","charge","Not separately declared; see character identity and parameters","{""type"":""charge"",""name"":""Event Horizon"",""cost"":8,""cd"":14,""kiPerSec"":12,""maxCharge"":2.2,""minR"":1.6,""maxR"":6.6,""dmgMin"":24,""dmgMax"":80,""maxBlast"":34,""speedMin"":38,""speedMax"":66,""chargePower"":3,""color"":""#ff8a2a"",""color2"":""#ffd9b0""}","src/data/characters.js"
"titan","TITAN","titan.lmb","lmb","LMB","Twin Cannon","beam","Not separately declared; see character identity and parameters","{""type"":""beam"",""material"":""energy"",""name"":""Twin Cannon"",""cost"":8,""cd"":0.6,""radius"":2.6,""tipSpeed"":562,""maxLen"":150,""dps"":82,""kiPerSec"":22,""charge"":true,""maxCharge"":1.5,""kiChargePerSec"":14,""chargePower"":1.6,""chargeWidth"":true,""steer"":8,""color"":""#ff9a2a"",""color2"":""#ffe0b0""}","src/data/characters.js"
"titan","TITAN","titan.rmb","rmb","RMB","Pulse Rifle","rifle","Not separately declared; see character identity and parameters","{""type"":""rifle"",""name"":""Pulse Rifle"",""cost"":2,""interval"":0.09,""damage"":7,""speed"":175,""radius"":0.55,""blast"":2.4,""spread"":0.04,""recoil"":1.2,""color"":""#ffd97a"",""color2"":""#fff""}","src/data/characters.js"
"titan","TITAN","titan.q","q","Q","Reactor Burst","charge","Not separately declared; see character identity and parameters","{""type"":""charge"",""name"":""Reactor Burst"",""cost"":6,""cd"":1,""kiPerSec"":12,""maxCharge"":2.2,""minR"":1.5,""maxR"":6.4,""dmgMin"":24,""dmgMax"":80,""maxBlast"":33,""speedMin"":110,""speedMax"":150,""chargePower"":3,""chest"":true,""color"":""#ffd97a"",""color2"":""#ffffff""}","src/data/characters.js"
"titan","TITAN","titan.e","e","E","Vent Blast","cone","Not separately declared; see character identity and parameters","{""type"":""cone"",""name"":""Vent Blast"",""kiPerSec"":16,""range"":30,""arc"":1.2,""dps"":18,""push"":50,""lift"":4,""color"":""#c9cfd9""}","src/data/characters.js"
"titan","TITAN","titan.shift","shift","SHIFT","Thruster Dash","dash","Not separately declared; see character identity and parameters","{""type"":""dash"",""name"":""Thruster Dash"",""cost"":6,""cd"":0.7,""power"":96,""iframes"":0.22,""color"":""#ff9a2a""}","src/data/characters.js"
"titan","TITAN","titan.r","r","R","Annihilator Array","beam","Not separately declared; see character identity and parameters","{""type"":""beam"",""material"":""energy"",""name"":""Annihilator Array"",""cost"":24,""cd"":14,""radius"":3.4,""tipSpeed"":626,""maxLen"":170,""dps"":126,""kiPerSec"":30,""charge"":true,""maxCharge"":2,""kiChargePerSec"":20,""chargePower"":2,""chargeWidth"":true,""steer"":6,""color"":""#ffb03a"",""color2"":""#ffffff""}","src/data/characters.js"
"sarge","SARGE","sarge.lmb","lmb","LMB","Service Carbine","rifle","Not separately declared; see character identity and parameters","{""type"":""rifle"",""weapon"":""rifle"",""name"":""Service Carbine"",""gear"":true,""magazine"":30,""reserveAmmo"":120,""reloadTime"":2.2,""cost"":0,""interval"":0.08,""damage"":5,""speed"":180,""radius"":0.5,""blast"":2,""recoil"":1.6,""color"":""#ffe08a"",""color2"":""#fff""}","src/data/characters.js"
"sarge","SARGE","sarge.rmb","rmb","RMB","Frag Grenade","projectile","Not separately declared; see character identity and parameters","{""type"":""projectile"",""name"":""Frag Grenade"",""gear"":true,""cost"":9,""cd"":0.8,""damage"":24,""speed"":58,""radius"":1.3,""blast"":13,""grav"":11,""shock"":true,""canister"":true,""throwWindup"":0.38,""throwRecovery"":0.32,""color"":""#8a915a"",""color2"":""#ffd24a""}","src/data/characters.js"
"sarge","SARGE","sarge.q","q","Q","Plasma Blade","melee","Not separately declared; see character identity and parameters","{""type"":""melee"",""name"":""Plasma Blade"",""gear"":true,""cost"":10,""cd"":0.9,""damage"":26,""range"":12,""arc"":0.9,""lunge"":40,""knock"":50,""launch"":12,""dmgClass"":""slash"",""color"":""#7fd4ff""}","src/data/characters.js"
"sarge","SARGE","sarge.e","e","E","Breaching Shotgun","rifle","Not separately declared; see character identity and parameters","{""type"":""rifle"",""weapon"":""shotgun"",""name"":""Breaching Shotgun"",""gear"":true,""magazine"":8,""reserveAmmo"":32,""reloadTime"":2.8,""cost"":0,""interval"":0.62,""damage"":9,""pellets"":8,""speed"":150,""radius"":0.7,""blast"":2.4,""color"":""#ffd24a"",""color2"":""#fff""}","src/data/characters.js"
"sarge","SARGE","sarge.f","f","H","Stim Shot","buff","Not separately declared; see character identity and parameters","{""type"":""buff"",""name"":""Stim Shot"",""cost"":18,""cd"":16,""mult"":1.35,""dur"":8,""heal"":34,""color"":""#8fe08a"",""color2"":""#fff""}","src/data/characters.js"
"sarge","SARGE","sarge.shift","shift","SHIFT","Combat Roll","dash","Not separately declared; see character identity and parameters","{""type"":""dash"",""name"":""Combat Roll"",""cost"":4,""cd"":0.55,""power"":92,""iframes"":0.3,""color"":""#ffd24a""}","src/data/characters.js"
"sarge","SARGE","sarge.r","r","R","Airstrike","meteor","Not separately declared; see character identity and parameters","{""type"":""meteor"",""name"":""Airstrike"",""cost"":32,""cd"":18,""count"":12,""interval"":0.16,""spread"":24,""radius"":3,""damage"":32,""blast"":17,""color"":""#ff8a3d"",""color2"":""#ffd24a""}","src/data/characters.js"
"merc","MERC","merc.lmb","lmb","LMB","Blaster Rifle","rifle","Not separately declared; see character identity and parameters","{""type"":""rifle"",""weapon"":""rifle"",""name"":""Blaster Rifle"",""gear"":true,""cost"":2,""interval"":0.09,""damage"":6,""speed"":190,""radius"":0.5,""blast"":2,""recoil"":2.1,""color"":""#ff5a3a"",""color2"":""#ffd0a0""}","src/data/characters.js"
"merc","MERC","merc.rmb","rmb","RMB","Charged Pistol","charge","Not separately declared; see character identity and parameters","{""type"":""charge"",""name"":""Charged Pistol"",""gear"":true,""cost"":4,""cd"":0.4,""kiPerSec"":8,""maxCharge"":1.4,""minR"":0.6,""maxR"":2.2,""dmgMin"":12,""dmgMax"":34,""maxBlast"":9,""speedMin"":110,""speedMax"":150,""chargePower"":1.8,""color"":""#ffb24a"",""color2"":""#fff2c0""}","src/data/characters.js"
"merc","MERC","merc.q","q","Q","Scatter Blaster","rifle","Not separately declared; see character identity and parameters","{""type"":""rifle"",""weapon"":""shotgun"",""name"":""Scatter Blaster"",""gear"":true,""cost"":7,""interval"":0.65,""damage"":8,""pellets"":9,""speed"":150,""radius"":0.7,""blast"":2.2,""color"":""#ffb24a"",""color2"":""#fff""}","src/data/characters.js"
"merc","MERC","merc.e","e","E","Thermal Detonator","projectile","Not separately declared; see character identity and parameters","{""type"":""projectile"",""name"":""Thermal Detonator"",""gear"":true,""cost"":9,""cd"":0.9,""damage"":26,""speed"":55,""radius"":1.2,""blast"":14,""grav"":11,""shock"":true,""canister"":true,""color"":""#8a8f6a"",""color2"":""#ffd24a""}","src/data/characters.js"
"merc","MERC","merc.f","f","H","Heavy Pistol","rifle","Not separately declared; see character identity and parameters","{""type"":""rifle"",""weapon"":""pistol"",""name"":""Heavy Pistol"",""gear"":true,""cost"":4,""interval"":0.42,""damage"":17,""speed"":210,""radius"":0.55,""blast"":2,""color"":""#ffd0a0"",""color2"":""#fff""}","src/data/characters.js"
"merc","MERC","merc.shift","shift","SHIFT","Combat Roll","dash","Not separately declared; see character identity and parameters","{""type"":""dash"",""name"":""Combat Roll"",""cost"":4,""cd"":0.55,""power"":92,""iframes"":0.3,""color"":""#ffb24a""}","src/data/characters.js"
"merc","MERC","merc.r","r","R","Rail Detonator","projectile","Not separately declared; see character identity and parameters","{""type"":""projectile"",""name"":""Rail Detonator"",""gear"":true,""cost"":26,""cd"":8,""damage"":38,""speed"":95,""radius"":1.4,""blast"":16,""homing"":2.6,""shock"":true,""canister"":true,""color"":""#ff8a3d"",""color2"":""#ffd24a""}","src/data/characters.js"
"kivuli","KIVULI","kivuli.lmb","lmb","LMB","Choking Veil","cone","Not separately declared; see character identity and parameters","{""type"":""cone"",""name"":""Choking Veil"",""dtype"":""toxic"",""kiPerSec"":17,""range"":34,""arc"":1.15,""dps"":14,""push"":6,""gasDot"":{""dps"":7,""dur"":2.6,""color"":""#9a4ae0"",""kind"":""gas""},""color"":""#9a4ae0""}","src/data/characters.js"
"kivuli","KIVULI","kivuli.rmb","rmb","RMB","Solid Smoke","construct","Not separately declared; see character identity and parameters","{""type"":""construct"",""name"":""Solid Smoke"",""cost"":12,""cd"":6,""construct"":""wall"",""duration"":9,""holdTrigger"":true,""color"":""#9a4ae0""}","src/data/characters.js"
"kivuli","KIVULI","kivuli.q","q","Q","Gas Form","phase","Not separately declared; see character identity and parameters","{""type"":""phase"",""name"":""Gas Form"",""kiPerSec"":17,""color"":""#b06aff""}","src/data/characters.js"
"kivuli","KIVULI","kivuli.e","e","E","Creeping Cloud","projectile","Not separately declared; see character identity and parameters","{""type"":""projectile"",""name"":""Creeping Cloud"",""dtype"":""toxic"",""cost"":8,""cd"":0.5,""damage"":12,""speed"":54,""radius"":1.9,""blast"":9,""homing"":1.6,""payload"":""gas"",""blind"":{""r"":12,""dur"":2.2},""color"":""#9a4ae0"",""color2"":""#e8d0ff""}","src/data/characters.js"
"kivuli","KIVULI","kivuli.f","f","H","Second Wind","buff","Not separately declared; see character identity and parameters","{""type"":""buff"",""name"":""Second Wind"",""cost"":22,""cd"":18,""mult"":1.4,""dur"":9,""heal"":30,""color"":""#b06aff"",""color2"":""#e8d0ff""}","src/data/characters.js"
"kivuli","KIVULI","kivuli.shift","shift","SHIFT","Vapor Slip","dash","Not separately declared; see character identity and parameters","{""type"":""dash"",""name"":""Vapor Slip"",""cost"":5,""cd"":0.55,""power"":98,""iframes"":0.26,""color"":""#b06aff""}","src/data/characters.js"
"kivuli","KIVULI","kivuli.r","r","R","Asphyxia","charge","Not separately declared; see character identity and parameters","{""type"":""charge"",""name"":""Asphyxia"",""dtype"":""toxic"",""cost"":8,""cd"":14,""kiPerSec"":12,""maxCharge"":2.3,""minR"":1.8,""maxR"":7,""dmgMin"":22,""dmgMax"":78,""maxBlast"":36,""speedMin"":32,""speedMax"":56,""chargePower"":3,""color"":""#9a4ae0"",""color2"":""#e8d0ff""}","src/data/characters.js"
"gale","GALE","gale.lmb","lmb","LMB","Longshot","bow","Not separately declared; see character identity and parameters","{""type"":""bow"",""name"":""Longshot"",""gear"":true,""cost"":6,""cd"":0.25,""drawTime"":0.85,""dmgMin"":8,""dmgMax"":30,""speedMax"":215,""blast"":11,""payloads"":[""explosive"",""flame"",""poison"",""acid"",""sleep""],""color"":""#9fe06a""}","src/data/characters.js"
"gale","GALE","gale.rmb","rmb","RMB","Concussion Shot","projectile","Not separately declared; see character identity and parameters","{""type"":""projectile"",""name"":""Concussion Shot"",""gear"":true,""cost"":8,""cd"":0.7,""damage"":16,""speed"":130,""radius"":0.8,""blast"":7,""arrow"":true,""shock"":true,""color"":""#ffd24a"",""color2"":""#fff""}","src/data/characters.js"
"gale","GALE","gale.q","q","Q","Switch Broadheads","quiver","Not separately declared; see character identity and parameters","{""type"":""quiver"",""name"":""Switch Broadheads"",""gear"":true,""payloads"":[""explosive"",""flame"",""poison"",""acid"",""sleep""],""color"":""#9fe06a""}","src/data/characters.js"
"gale","GALE","gale.e","e","E","Ranger Knife","melee","Not separately declared; see character identity and parameters","{""type"":""melee"",""name"":""Ranger Knife"",""gear"":true,""cost"":8,""cd"":0.8,""damage"":20,""range"":11,""arc"":0.85,""lunge"":38,""knock"":40,""launch"":8,""dmgClass"":""slash"",""color"":""#9fe06a""}","src/data/characters.js"
"gale","GALE","gale.f","f","H","Deadeye","buff","Not separately declared; see character identity and parameters","{""type"":""buff"",""name"":""Deadeye"",""cost"":18,""cd"":16,""mult"":1.5,""dur"":8,""color"":""#9fe06a"",""color2"":""#fff""}","src/data/characters.js"
"gale","GALE","gale.shift","shift","SHIFT","Tumble","dash","Not separately declared; see character identity and parameters","{""type"":""dash"",""name"":""Tumble"",""cost"":4,""cd"":0.5,""power"":94,""iframes"":0.3,""color"":""#9fe06a""}","src/data/characters.js"
"gale","GALE","gale.r","r","R","Arrow Storm","volley","Not separately declared; see character identity and parameters","{""type"":""volley"",""name"":""Arrow Storm"",""gear"":true,""cost"":4,""interval"":0.07,""damage"":8,""speed"":150,""radius"":0.6,""blast"":3,""spread"":0.12,""arrow"":true,""color"":""#9fe06a"",""color2"":""#fff""}","src/data/characters.js"
"stefanos","KING STEFANOS","stefanos.lmb","lmb","LMB","Formed Charge","projectile","Not separately declared; see character identity and parameters","{""type"":""projectile"",""name"":""Formed Charge"",""cost"":7,""cd"":0.38,""damage"":17,""speed"":96,""radius"":1.3,""blast"":7,""color"":""#ffd24a"",""color2"":""#fff2c0""}","src/data/characters.js"
"stefanos","KING STEFANOS","stefanos.rmb","rmb","RMB","Mote Storm","volley","Not separately declared; see character identity and parameters","{""type"":""volley"",""name"":""Mote Storm"",""cost"":3,""interval"":0.08,""damage"":6,""speed"":110,""radius"":0.8,""blast"":3.6,""spread"":0.13,""color"":""#ffd24a"",""color2"":""#fff""}","src/data/characters.js"
"stefanos","KING STEFANOS","stefanos.q","q","Q","Concussive Form","cone","Not separately declared; see character identity and parameters","{""type"":""cone"",""name"":""Concussive Form"",""kiPerSec"":16,""range"":32,""arc"":1.1,""dps"":16,""push"":52,""lift"":5,""color"":""#ffe8c0""}","src/data/characters.js"
"stefanos","KING STEFANOS","stefanos.e","e","E","Pressure Sphere","charge","Not separately declared; see character identity and parameters","{""type"":""charge"",""name"":""Pressure Sphere"",""cost"":6,""cd"":1,""kiPerSec"":12,""maxCharge"":2.2,""minR"":1.4,""maxR"":6,""dmgMin"":22,""dmgMax"":76,""maxBlast"":30,""speedMin"":42,""speedMax"":72,""chargePower"":2.8,""color"":""#ffd24a"",""color2"":""#fff2c0""}","src/data/characters.js"
"stefanos","KING STEFANOS","stefanos.shift","shift","SHIFT","Propelled Slip","dash","Not separately declared; see character identity and parameters","{""type"":""dash"",""name"":""Propelled Slip"",""cost"":5,""cd"":0.55,""power"":100,""iframes"":0.25,""color"":""#ffd24a""}","src/data/characters.js"
"stefanos","KING STEFANOS","stefanos.r","r","R","THE MARLETTA","facebomb","Not separately declared; see character identity and parameters","{""type"":""facebomb"",""name"":""THE MARLETTA"",""cost"":30,""cd"":17,""kiPerSec"":13,""maxCharge"":2.4,""minR"":2,""maxR"":5.5,""dmgMin"":30,""dmgMax"":85,""blastMin"":16,""blastMax"":36,""armDelay"":0.65,""homing"":2.3,""speed"":34,""color"":""#ffe8c0""}","src/data/characters.js"
"sandra","SANDRA","sandra.lmb","lmb","LMB","Twin Pistols","rifle","Not separately declared; see character identity and parameters","{""type"":""rifle"",""name"":""Twin Pistols"",""gear"":true,""cost"":3,""interval"":0.16,""damage"":10,""speed"":165,""radius"":0.6,""blast"":2.6,""spread"":0.03,""recoil"":1.2,""color"":""#ffb03a"",""color2"":""#fff""}","src/data/characters.js"
"sandra","SANDRA","sandra.rmb","rmb","RMB","Suppressed SMG","rifle","Not separately declared; see character identity and parameters","{""type"":""rifle"",""name"":""Suppressed SMG"",""gear"":true,""cost"":2,""interval"":0.07,""damage"":4,""speed"":175,""radius"":0.5,""blast"":2,""spread"":0.06,""recoil"":0.8,""color"":""#ffd97a"",""color2"":""#fff""}","src/data/characters.js"
"sandra","SANDRA","sandra.q","q","Q","The Ring Sees","buff","Not separately declared; see character identity and parameters","{""type"":""buff"",""name"":""The Ring Sees"",""cost"":16,""cd"":15,""mult"":1.15,""dur"":8,""reveal"":true,""color"":""#ffb03a"",""color2"":""#fff""}","src/data/characters.js"
"sandra","SANDRA","sandra.e","e","E","Pistol Whip","melee","Not separately declared; see character identity and parameters","{""type"":""melee"",""name"":""Pistol Whip"",""gear"":true,""cost"":8,""cd"":0.8,""damage"":18,""range"":11,""arc"":0.85,""lunge"":34,""knock"":42,""launch"":8,""color"":""#ffb03a""}","src/data/characters.js"
"sandra","SANDRA","sandra.f","f","H","Tracker Round","projectile","Not separately declared; see character identity and parameters","{""type"":""projectile"",""name"":""Tracker Round"",""gear"":true,""cost"":7,""cd"":0.6,""damage"":12,""speed"":140,""radius"":0.7,""blast"":3,""homing"":4,""payload"":""sleep"",""color"":""#ffb03a"",""color2"":""#fff""}","src/data/characters.js"
"sandra","SANDRA","sandra.shift","shift","SHIFT","Slip the Frame","dash","Not separately declared; see character identity and parameters","{""type"":""dash"",""name"":""Slip the Frame"",""cost"":4,""cd"":0.5,""power"":96,""iframes"":0.28,""color"":""#ffb03a""}","src/data/characters.js"
"sandra","SANDRA","sandra.r","r","R","Clean Extraction","rush","Not separately declared; see character identity and parameters","{""type"":""rush"",""name"":""Clean Extraction"",""cost"":18,""cd"":12,""range"":64,""hits"":7,""interval"":0.08,""damage"":8,""finisher"":34,""color"":""#ffb03a""}","src/data/characters.js"
"ironclad","IRONCLAD","ironclad.lmb","lmb","LMB","Repulsor Bolts","rifle","Not separately declared; see character identity and parameters","{""type"":""rifle"",""name"":""Repulsor Bolts"",""cost"":2,""interval"":0.11,""damage"":7,""speed"":170,""radius"":0.6,""blast"":2.6,""spread"":0.03,""recoil"":1,""color"":""#ffd97a"",""color2"":""#fff""}","src/data/characters.js"
"ironclad","IRONCLAD","ironclad.rmb","rmb","RMB","Unibeam","beam","Not separately declared; see character identity and parameters","{""type"":""beam"",""material"":""energy"",""name"":""Unibeam"",""cost"":8,""cd"":0.6,""radius"":2.4,""tipSpeed"":583,""maxLen"":150,""dps"":78,""kiPerSec"":22,""charge"":true,""maxCharge"":1.5,""kiChargePerSec"":14,""chargePower"":1.5,""chargeWidth"":true,""steer"":8,""color"":""#ffd97a"",""color2"":""#fff""}","src/data/characters.js"
"ironclad","IRONCLAD","ironclad.q","q","Q","Micro-Missiles","projectile","Not separately declared; see character identity and parameters","{""type"":""projectile"",""name"":""Micro-Missiles"",""cost"":7,""cd"":0.4,""damage"":15,""speed"":100,""radius"":1,""blast"":7,""homing"":3,""color"":""#ff7a2a"",""color2"":""#ffd97a""}","src/data/characters.js"
"ironclad","IRONCLAD","ironclad.e","e","E","Flare Vent","cone","Not separately declared; see character identity and parameters","{""type"":""cone"",""name"":""Flare Vent"",""kiPerSec"":16,""range"":28,""arc"":1.2,""dps"":18,""push"":44,""color"":""#ffd97a""}","src/data/characters.js"
"ironclad","IRONCLAD","ironclad.shift","shift","SHIFT","Vector Thrust","dash","Not separately declared; see character identity and parameters","{""type"":""dash"",""name"":""Vector Thrust"",""cost"":5,""cd"":0.55,""power"":100,""iframes"":0.24,""color"":""#ffd97a""}","src/data/characters.js"
"ironclad","IRONCLAD","ironclad.r","r","R","Housewarming Party","beam","Not separately declared; see character identity and parameters","{""type"":""beam"",""name"":""Housewarming Party"",""cost"":24,""cd"":14,""radius"":3.4,""tipSpeed"":626,""maxLen"":170,""dps"":122,""kiPerSec"":30,""charge"":true,""maxCharge"":2,""kiChargePerSec"":20,""chargePower"":2,""chargeWidth"":true,""steer"":6,""color"":""#ffe8c0"",""color2"":""#ffffff""}","src/data/characters.js"
"rage","RAGE","rage.lmb","lmb","LMB","Smash","melee","Not separately declared; see character identity and parameters","{""type"":""melee"",""name"":""Smash"",""cost"":10,""cd"":0.9,""damage"":34,""range"":13,""arc"":0.8,""lunge"":44,""knock"":66,""launch"":20,""color"":""#8fe08a""}","src/data/characters.js"
"rage","RAGE","rage.rmb","rmb","RMB","Thunder Clap","cone","Not separately declared; see character identity and parameters","{""type"":""cone"",""name"":""Thunder Clap"",""kiPerSec"":15,""range"":30,""arc"":1.25,""dps"":14,""push"":66,""lift"":6,""color"":""#8fe08a""}","src/data/characters.js"
"rage","RAGE","rage.q","q","Q","Boulder","projectile","Not separately declared; see character identity and parameters","{""type"":""projectile"",""name"":""Boulder"",""cost"":9,""cd"":0.8,""damage"":26,""speed"":60,""radius"":2,""blast"":12,""grav"":10,""shock"":true,""color"":""#8a8577"",""color2"":""#c9bfa9""}","src/data/characters.js"
"rage","RAGE","rage.e","e","E","Rampage","rush","Not separately declared; see character identity and parameters","{""type"":""rush"",""name"":""Rampage"",""cost"":14,""cd"":2,""range"":56,""hits"":6,""interval"":0.1,""damage"":10,""finisher"":36,""color"":""#8fe08a""}","src/data/characters.js"
"rage","RAGE","rage.shift","shift","SHIFT","Bull Charge","dash","Not separately declared; see character identity and parameters","{""type"":""dash"",""name"":""Bull Charge"",""cost"":5,""cd"":0.6,""power"":104,""iframes"":0.2,""color"":""#8fe08a""}","src/data/characters.js"
"rage","RAGE","rage.r","r","R","WORLD BREAKER","nova","Not separately declared; see character identity and parameters","{""type"":""nova"",""name"":""WORLD BREAKER"",""cost"":8,""cd"":16,""feedRate"":60,""maxFeed"":88,""minRadius"":14,""maxRadius"":34,""dmgMin"":26,""dmgMax"":82,""groundslam"":true,""color"":""#8fe08a"",""color2"":""#c9bfa9""}","src/data/characters.js"
"stormcall","STORMCALL","stormcall.lmb","lmb","LMB","Axe Cleave","melee","Not separately declared; see character identity and parameters","{""type"":""melee"",""name"":""Axe Cleave"",""gear"":true,""cost"":11,""cd"":0.9,""damage"":30,""range"":13,""arc"":0.9,""lunge"":42,""knock"":56,""launch"":16,""dmgClass"":""slash"",""color"":""#7fd4ff""}","src/data/characters.js"
"stormcall","STORMCALL","stormcall.rmb","rmb","RMB","Hurled Axe","projectile","Not separately declared; see character identity and parameters","{""type"":""projectile"",""name"":""Hurled Axe"",""gear"":true,""cost"":10,""cd"":0.9,""damage"":22,""speed"":110,""radius"":1.3,""blast"":6,""boomerang"":true,""blade"":true,""range"":62,""color"":""#7fd4ff"",""color2"":""#fff""}","src/data/characters.js"
"stormcall","STORMCALL","stormcall.q","q","Q","Godblast","charge","Not separately declared; see character identity and parameters","{""type"":""charge"",""name"":""Godblast"",""cost"":6,""cd"":1,""kiPerSec"":12,""maxCharge"":2.2,""minR"":1.5,""maxR"":6.2,""dmgMin"":24,""dmgMax"":80,""maxBlast"":32,""speedMin"":42,""speedMax"":70,""chargePower"":2.9,""color"":""#7fd4ff"",""color2"":""#eaffff""}","src/data/characters.js"
"stormcall","STORMCALL","stormcall.e","e","E","Tempest Breath","cone","Not separately declared; see character identity and parameters","{""type"":""cone"",""name"":""Tempest Breath"",""kiPerSec"":16,""range"":32,""arc"":1.15,""dps"":18,""push"":50,""lift"":5,""color"":""#bfeaff""}","src/data/characters.js"
"stormcall","STORMCALL","stormcall.shift","shift","SHIFT","Bolt Dash","dash","Not separately declared; see character identity and parameters","{""type"":""dash"",""name"":""Bolt Dash"",""cost"":5,""cd"":0.55,""power"":100,""iframes"":0.24,""color"":""#7fd4ff""}","src/data/characters.js"
"stormcall","STORMCALL","stormcall.r","r","R","SKYFALL","meteor","Not separately declared; see character identity and parameters","{""type"":""meteor"",""name"":""SKYFALL"",""cost"":34,""cd"":18,""count"":14,""interval"":0.16,""spread"":28,""radius"":3,""damage"":34,""blast"":18,""color"":""#7fd4ff"",""color2"":""#eaffff""}","src/data/characters.js"
"webline","WEBLINE","webline.lmb","lmb","LMB","Web Snare","tentacle","Not separately declared; see character identity and parameters","{""type"":""tentacle"",""web"":true,""name"":""Web Snare"",""cost"":16,""cd"":4,""range"":38,""holdT"":0.5,""damage"":13,""throwSpeed"":86,""color"":""#eaffff""}","src/data/characters.js"
"webline","WEBLINE","webline.rmb","rmb","RMB","Spider Flurry","rush","Not separately declared; see character identity and parameters","{""type"":""rush"",""name"":""Spider Flurry"",""cost"":16,""cd"":2.4,""range"":60,""hits"":6,""interval"":0.08,""damage"":7,""finisher"":25,""color"":""#eaffff""}","src/data/characters.js"
"webline","WEBLINE","webline.q","q","Q","Web Darts","projectile","Not separately declared; see character identity and parameters","{""type"":""projectile"",""name"":""Web Darts"",""cost"":7,""cd"":0.55,""damage"":4,""speed"":130,""radius"":0.55,""blast"":0,""ground"":false,""color"":""#eaffff"",""color2"":""#fff"",""webControl"":{""duration"":1.2,""moveMult"":0.45,""immunity"":1}}","src/data/characters.js"
"webline","WEBLINE","webline.e","e","E","Sting Kick","melee","Not separately declared; see character identity and parameters","{""type"":""melee"",""name"":""Sting Kick"",""cost"":9,""cd"":0.8,""damage"":22,""range"":12,""arc"":0.8,""lunge"":46,""knock"":44,""launch"":14,""fly"":true,""color"":""#eaffff""}","src/data/characters.js"
"webline","WEBLINE","webline.f","f","H","Danger Sense","buff","Not separately declared; see character identity and parameters","{""type"":""buff"",""name"":""Danger Sense"",""cost"":18,""cd"":16,""mult"":1.3,""dur"":7,""invuln"":1,""color"":""#eaffff"",""color2"":""#fff""}","src/data/characters.js"
"webline","WEBLINE","webline.shift","shift","SHIFT","Web Zip","grapple","Not separately declared; see character identity and parameters","{""type"":""grapple"",""name"":""Web Zip"",""zip"":true,""cost"":6,""cd"":0.65,""range"":150,""zipSpeed"":90,""oneHand"":true,""color"":""#eaffff""}","src/data/characters.js"
"ripclaw","RIPCLAW","ripclaw.lmb","lmb","LMB","Ripping Claws","melee","Not separately declared; see character identity and parameters","{""type"":""melee"",""name"":""Ripping Claws"",""cost"":8,""cd"":0.55,""damage"":19,""range"":11,""arc"":0.85,""lunge"":40,""knock"":34,""launch"":6,""dmgClass"":""slash"",""color"":""#ffe066""}","src/data/characters.js"
"ripclaw","RIPCLAW","ripclaw.rmb","rmb","RMB","Lunge Shred","melee","Not separately declared; see character identity and parameters","{""type"":""melee"",""name"":""Lunge Shred"",""cost"":12,""cd"":1,""damage"":28,""range"":13,""arc"":0.75,""lunge"":62,""knock"":50,""launch"":14,""fly"":true,""dmgClass"":""slash"",""color"":""#ffe066""}","src/data/characters.js"
"ripclaw","RIPCLAW","ripclaw.q","q","Q","Berserker Slashes","rush","Not separately declared; see character identity and parameters","{""type"":""rush"",""name"":""Berserker Slashes"",""cost"":14,""cd"":2,""range"":54,""hits"":7,""interval"":0.08,""damage"":9,""finisher"":30,""color"":""#ffe066""}","src/data/characters.js"
"ripclaw","RIPCLAW","ripclaw.e","e","E","Intimidate","cone","Not separately declared; see character identity and parameters","{""type"":""cone"",""name"":""Intimidate"",""kiPerSec"":14,""range"":24,""arc"":1.2,""dps"":12,""push"":38,""color"":""#ffe066""}","src/data/characters.js"
"ripclaw","RIPCLAW","ripclaw.f","f","H","Regeneration","buff","Not separately declared; see character identity and parameters","{""type"":""buff"",""name"":""Regeneration"",""cost"":18,""cd"":14,""mult"":1.2,""dur"":8,""heal"":55,""color"":""#8fe08a"",""color2"":""#fff""}","src/data/characters.js"
"ripclaw","RIPCLAW","ripclaw.shift","shift","SHIFT","Pounce Step","dash","Not separately declared; see character identity and parameters","{""type"":""dash"",""name"":""Pounce Step"",""cost"":4,""cd"":0.5,""power"":100,""iframes"":0.26,""color"":""#ffe066""}","src/data/characters.js"
"majesty","MAJESTY","majesty.lmb","lmb","LMB","Photon Stream","beam","Not separately declared; see character identity and parameters","{""type"":""beam"",""material"":""light"",""name"":""Photon Stream"",""cost"":4,""cd"":0.3,""radius"":1.2,""tipSpeed"":907,""maxLen"":150,""dps"":62,""kiPerSec"":16,""steer"":12,""color"":""#ffd24a"",""color2"":""#fff2c0""}","src/data/characters.js"
"majesty","MAJESTY","majesty.rmb","rmb","RMB","Star Barrage","volley","Not separately declared; see character identity and parameters","{""type"":""volley"",""name"":""Star Barrage"",""cost"":3,""interval"":0.08,""damage"":6,""speed"":112,""radius"":0.85,""blast"":3.6,""spread"":0.11,""color"":""#ffd24a"",""color2"":""#fff""}","src/data/characters.js"
"majesty","MAJESTY","majesty.q","q","Q","Nova Fist","charge","Not separately declared; see character identity and parameters","{""type"":""charge"",""name"":""Nova Fist"",""cost"":6,""cd"":1,""kiPerSec"":12,""maxCharge"":2.2,""minR"":1.4,""maxR"":6,""dmgMin"":24,""dmgMax"":78,""maxBlast"":31,""speedMin"":42,""speedMax"":72,""chargePower"":2.8,""color"":""#ffd24a"",""color2"":""#fff2c0""}","src/data/characters.js"
"majesty","MAJESTY","majesty.e","e","E","Comet Punch","melee","Not separately declared; see character identity and parameters","{""type"":""melee"",""name"":""Comet Punch"",""cost"":12,""cd"":1,""damage"":26,""range"":12,""arc"":0.8,""lunge"":58,""knock"":52,""launch"":16,""fly"":true,""color"":""#ffd24a""}","src/data/characters.js"
"majesty","MAJESTY","majesty.shift","shift","SHIFT","Light Speed","dash","Not separately declared; see character identity and parameters","{""type"":""dash"",""name"":""Light Speed"",""cost"":5,""cd"":0.5,""power"":108,""iframes"":0.26,""color"":""#ffd24a""}","src/data/characters.js"
"majesty","MAJESTY","majesty.r","r","R","Supernova Lance","beam","Not separately declared; see character identity and parameters","{""type"":""beam"",""material"":""light"",""name"":""Supernova Lance"",""cost"":24,""cd"":14,""radius"":3.4,""tipSpeed"":648,""maxLen"":170,""dps"":128,""kiPerSec"":30,""charge"":true,""maxCharge"":2,""kiChargePerSec"":20,""chargePower"":2,""chargeWidth"":true,""steer"":6,""color"":""#ffe8c0"",""color2"":""#ffffff""}","src/data/characters.js"
"mystward","MYSTWARD","mystward.lmb","lmb","LMB","Crimson Bands","projectile","Not separately declared; see character identity and parameters","{""type"":""projectile"",""name"":""Crimson Bands"",""cost"":6,""cd"":0.35,""damage"":13,""speed"":96,""radius"":1,""blast"":4.5,""homing"":2.6,""dtype"":""magic"",""color"":""#ff7a5a"",""color2"":""#ffd9b0""}","src/data/characters.js"
"mystward","MYSTWARD","mystward.rmb","rmb","RMB","Seraphim Shield","construct","Not separately declared; see character identity and parameters","{""type"":""construct"",""name"":""Seraphim Shield"",""cost"":12,""cd"":6,""construct"":""wall"",""duration"":9,""holdTrigger"":true,""color"":""#ffb03a""}","src/data/characters.js"
"mystward","MYSTWARD","mystward.q","q","Q","Fold Space","teleport","Not separately declared; see character identity and parameters","{""type"":""teleport"",""name"":""Fold Space"",""cost"":11,""cd"":1.3,""range"":54,""color"":""#ffb03a""}","src/data/characters.js"
"mystward","MYSTWARD","mystward.e","e","E","Eldritch Whip","beam","Not separately declared; see character identity and parameters","{""type"":""beam"",""material"":""arcane"",""name"":""Eldritch Whip"",""cost"":4,""cd"":0.3,""radius"":1,""tipSpeed"":950,""maxLen"":140,""dps"":56,""kiPerSec"":16,""steer"":13,""dtype"":""magic"",""siphon"":1.1,""color"":""#ffb03a"",""color2"":""#ffd9b0""}","src/data/characters.js"
"mystward","MYSTWARD","mystward.f","f","H","Vishanti Ward","buff","Not separately declared; see character identity and parameters","{""type"":""buff"",""name"":""Vishanti Ward"",""cost"":22,""cd"":18,""mult"":1.4,""dur"":9,""invuln"":1,""color"":""#ffb03a"",""color2"":""#fff""}","src/data/characters.js"
"mystward","MYSTWARD","mystward.shift","shift","SHIFT","Cloak Drift","dash","Not separately declared; see character identity and parameters","{""type"":""dash"",""name"":""Cloak Drift"",""cost"":5,""cd"":0.55,""power"":96,""iframes"":0.28,""color"":""#ffb03a""}","src/data/characters.js"
"mystward","MYSTWARD","mystward.r","r","R","Sigil Rain","meteor","Not separately declared; see character identity and parameters","{""type"":""meteor"",""name"":""Sigil Rain"",""cost"":32,""cd"":18,""count"":12,""interval"":0.18,""spread"":26,""radius"":3,""damage"":32,""blast"":17,""color"":""#ffb03a"",""color2"":""#ffd9b0""}","src/data/characters.js"
"onyx","ONYX","onyx.lmb","lmb","LMB","Kinetic Claws","melee","Not separately declared; see character identity and parameters","{""type"":""melee"",""name"":""Kinetic Claws"",""cost"":9,""cd"":0.6,""damage"":21,""range"":12,""arc"":0.85,""lunge"":44,""knock"":40,""launch"":8,""dmgClass"":""slash"",""color"":""#c9cfd9""}","src/data/characters.js"
"onyx","ONYX","onyx.rmb","rmb","RMB","Hunt Sequence","rush","Not separately declared; see character identity and parameters","{""type"":""rush"",""name"":""Hunt Sequence"",""cost"":14,""cd"":1.9,""range"":58,""hits"":6,""interval"":0.09,""damage"":8,""finisher"":28,""color"":""#c9cfd9""}","src/data/characters.js"
"onyx","ONYX","onyx.q","q","Q","Kimoyo Dart","projectile","Not separately declared; see character identity and parameters","{""type"":""projectile"",""name"":""Kimoyo Dart"",""cost"":6,""cd"":0.35,""damage"":12,""speed"":120,""radius"":0.8,""blast"":4,""homing"":2.4,""color"":""#7fe6ff"",""color2"":""#fff""}","src/data/characters.js"
"onyx","ONYX","onyx.e","e","E","Sonic Overload","cone","Not separately declared; see character identity and parameters","{""type"":""cone"",""name"":""Sonic Overload"",""kiPerSec"":16,""range"":28,""arc"":1.15,""dps"":16,""push"":46,""color"":""#7fe6ff""}","src/data/characters.js"
"onyx","ONYX","onyx.f","f","H","Kinetic Release","buff","Not separately declared; see character identity and parameters","{""type"":""buff"",""name"":""Kinetic Release"",""cost"":22,""cd"":16,""mult"":1.55,""dur"":9,""color"":""#c9cfd9"",""color2"":""#fff""}","src/data/characters.js"
"onyx","ONYX","onyx.shift","shift","SHIFT","Shadow Step","dash","Not separately declared; see character identity and parameters","{""type"":""dash"",""name"":""Shadow Step"",""cost"":4,""cd"":0.5,""power"":100,""iframes"":0.28,""color"":""#c9cfd9""}","src/data/characters.js"
"onyx","ONYX","onyx.r","r","R","Kinetic Burst","charge","Not separately declared; see character identity and parameters","{""type"":""charge"",""name"":""Kinetic Burst"",""cost"":8,""cd"":14,""kiPerSec"":12,""maxCharge"":2.2,""minR"":1.6,""maxR"":6.4,""dmgMin"":24,""dmgMax"":80,""maxBlast"":33,""speedMin"":40,""speedMax"":68,""chargePower"":3,""color"":""#c9cfd9"",""color2"":""#eaffff""}","src/data/characters.js"
"chainfire","CHAINFIRE","chainfire.lmb","lmb","LMB","Hellfire Chain","tentacle","Not separately declared; see character identity and parameters","{""type"":""tentacle"",""name"":""Hellfire Chain"",""cost"":17,""cd"":4.5,""range"":38,""holdT"":0.55,""damage"":15,""throwSpeed"":90,""color"":""#ff7a2a"",""dtype"":""fire""}","src/data/characters.js"
"chainfire","CHAINFIRE","chainfire.rmb","rmb","RMB","Soul Furnace","cone","Not separately declared; see character identity and parameters","{""type"":""cone"",""name"":""Soul Furnace"",""kiPerSec"":18,""range"":32,""arc"":1.05,""dps"":28,""push"":12,""gasDot"":{""dps"":6,""dur"":2,""color"":""#ff7a2a"",""kind"":""burn""},""color"":""#ff7a2a""}","src/data/characters.js"
"chainfire","CHAINFIRE","chainfire.q","q","Q","Brimstone Ball","projectile","Not separately declared; see character identity and parameters","{""type"":""projectile"",""name"":""Brimstone Ball"",""cost"":8,""cd"":0.5,""damage"":18,""speed"":70,""radius"":1.6,""blast"":9,""grav"":8,""shock"":true,""color"":""#ff5a1a"",""color2"":""#ffb03a""}","src/data/characters.js"
"chainfire","CHAINFIRE","chainfire.e","e","E","Chain Lash","melee","Not separately declared; see character identity and parameters","{""type"":""melee"",""name"":""Chain Lash"",""cost"":10,""cd"":0.9,""damage"":24,""range"":15,""arc"":1.1,""lunge"":26,""knock"":50,""launch"":12,""dmgClass"":""slash"",""color"":""#ff7a2a""}","src/data/characters.js"
"chainfire","CHAINFIRE","chainfire.f","f","H","Penance Stare","buff","Not separately declared; see character identity and parameters","{""type"":""buff"",""name"":""Penance Stare"",""cost"":24,""cd"":18,""mult"":1.6,""dur"":9,""color"":""#ff7a2a"",""color2"":""#fff""}","src/data/characters.js"
"chainfire","CHAINFIRE","chainfire.shift","shift","SHIFT","Hell Ride","dash","Not separately declared; see character identity and parameters","{""type"":""dash"",""name"":""Hell Ride"",""cost"":5,""cd"":0.55,""power"":102,""iframes"":0.24,""color"":""#ff7a2a""}","src/data/characters.js"
"chainfire","CHAINFIRE","chainfire.r","r","R","Rain of Hellfire","meteor","Not separately declared; see character identity and parameters","{""type"":""meteor"",""name"":""Rain of Hellfire"",""cost"":32,""cd"":18,""count"":12,""interval"":0.18,""spread"":26,""radius"":3,""damage"":33,""blast"":18,""color"":""#ff5a1a"",""color2"":""#ffb03a"",""dtype"":""fire""}","src/data/characters.js"
"tempest","TEMPEST","tempest.lmb","lmb","LMB","Chain Lightning","beam","Not separately declared; see character identity and parameters","{""type"":""beam"",""material"":""shock"",""name"":""Chain Lightning"",""cost"":4,""cd"":0.3,""radius"":1,""tipSpeed"":1037,""maxLen"":145,""dps"":58,""kiPerSec"":16,""steer"":14,""color"":""#bfeaff"",""color2"":""#fff""}","src/data/characters.js"
"tempest","TEMPEST","tempest.rmb","rmb","RMB","Gale Force","cone","Not separately declared; see character identity and parameters","{""type"":""cone"",""name"":""Gale Force"",""kiPerSec"":16,""range"":34,""arc"":1.2,""dps"":14,""push"":58,""lift"":7,""color"":""#bfeaff""}","src/data/characters.js"
"tempest","TEMPEST","tempest.q","q","Q","Hail Volley","volley","Not separately declared; see character identity and parameters","{""type"":""volley"",""name"":""Hail Volley"",""cost"":3,""interval"":0.09,""damage"":6,""speed"":118,""radius"":0.8,""blast"":3,""spread"":0.1,""color"":""#bfeaff"",""color2"":""#eaffff""}","src/data/characters.js"
"tempest","TEMPEST","tempest.e","e","E","Flash Freeze","cone","Not separately declared; see character identity and parameters","{""type"":""cone"",""name"":""Flash Freeze"",""kiPerSec"":19,""range"":30,""arc"":1.1,""dps"":18,""cold"":true,""frost"":0.55,""color"":""#bfeaff""}","src/data/characters.js"
"tempest","TEMPEST","tempest.f","f","H","Storm Domain","weather","Not separately declared; see character identity and parameters","{""type"":""weather"",""name"":""Storm Domain"",""cost"":24,""cd"":18,""dur"":16,""range"":100,""radius"":65,""kiPerSec"":5,""rain"":1,""wind"":1.1,""cloud"":1,""storm"":1,""color"":""#bfeaff"",""color2"":""#fff""}","src/data/characters.js"
"tempest","TEMPEST","tempest.shift","shift","SHIFT","Tailwind","dash","Not separately declared; see character identity and parameters","{""type"":""dash"",""name"":""Tailwind"",""cost"":5,""cd"":0.55,""power"":98,""iframes"":0.24,""color"":""#bfeaff""}","src/data/characters.js"
"tempest","TEMPEST","tempest.r","r","R","Stormfront","meteor","Not separately declared; see character identity and parameters","{""type"":""meteor"",""name"":""Stormfront"",""cost"":34,""cd"":18,""count"":14,""interval"":0.16,""spread"":30,""radius"":3,""damage"":33,""blast"":18,""color"":""#bfeaff"",""color2"":""#eaffff""}","src/data/characters.js"
"knightfall","KNIGHTFALL","knightfall.lmb","lmb","LMB","Blade Fan","volley","Not separately declared; see character identity and parameters","{""type"":""volley"",""name"":""Blade Fan"",""gear"":true,""cost"":3,""interval"":0.11,""damage"":7,""speed"":125,""radius"":0.7,""blast"":2.6,""spread"":0.12,""blade"":true,""oneHand"":true,""color"":""#c9cfd9"",""color2"":""#fff""}","src/data/characters.js"
"knightfall","KNIGHTFALL","knightfall.rmb","rmb","RMB","Cross Counter","melee","Not separately declared; see character identity and parameters","{""type"":""melee"",""name"":""Cross Counter"",""cost"":9,""cd"":0.7,""damage"":24,""range"":11,""arc"":0.85,""lunge"":40,""knock"":44,""launch"":8,""color"":""#ffd24a""}","src/data/characters.js"
"knightfall","KNIGHTFALL","knightfall.q","q","Q","Smoke Vanish","teleport","Not separately declared; see character identity and parameters","{""type"":""teleport"",""name"":""Smoke Vanish"",""cost"":10,""cd"":1.4,""range"":40,""oneHand"":true,""blind"":{""r"":15,""dur"":2.6},""color"":""#8a8f99""}","src/data/characters.js"
"knightfall","KNIGHTFALL","knightfall.e","e","E","Caustic Charges","mine","Not separately declared; see character identity and parameters","{""type"":""mine"",""name"":""Caustic Charges"",""gear"":true,""cost"":10,""cd"":1.1,""max"":3,""trigger"":7,""damage"":24,""blast"":12,""armT"":0.6,""duration"":20,""range"":55,""dtype"":""acid"",""dot"":{""dps"":6,""dur"":5,""kind"":""acid"",""corrode"":4,""color"":""#c8e04a""},""color"":""#c8e04a""}","src/data/characters.js"
"knightfall","KNIGHTFALL","knightfall.f","f","H","Grapnel Line","grapple","Not separately declared; see character identity and parameters","{""type"":""grapple"",""name"":""Grapnel Line"",""gear"":true,""cost"":8,""cd"":1.1,""range"":95,""oneHand"":true,""color"":""#ffd24a""}","src/data/characters.js"
"knightfall","KNIGHTFALL","knightfall.shift","shift","SHIFT","Cape Slip","dash","Not separately declared; see character identity and parameters","{""type"":""dash"",""name"":""Cape Slip"",""cost"":4,""cd"":0.5,""power"":96,""iframes"":0.3,""color"":""#c9cfd9""}","src/data/characters.js"
"knightfall","KNIGHTFALL","knightfall.r","r","R","Wing Support","construct","Not separately declared; see character identity and parameters","{""type"":""construct"",""name"":""Wing Support"",""cost"":18,""cd"":9,""construct"":""turret"",""duration"":12,""color"":""#ffd24a""}","src/data/characters.js"
"aegis","AEGIS","aegis.lmb","lmb","LMB","God-Forged Blade","melee","Not separately declared; see character identity and parameters","{""type"":""melee"",""name"":""God-Forged Blade"",""gear"":true,""cost"":10,""cd"":0.7,""damage"":27,""range"":12,""arc"":0.9,""lunge"":42,""knock"":50,""launch"":12,""dmgClass"":""slash"",""color"":""#ffd24a""}","src/data/characters.js"
"aegis","AEGIS","aegis.rmb","rmb","RMB","Golden Lasso","tentacle","Not separately declared; see character identity and parameters","{""type"":""tentacle"",""name"":""Golden Lasso"",""cost"":17,""cd"":4.5,""range"":36,""holdT"":0.55,""damage"":15,""throwSpeed"":92,""color"":""#ffd24a""}","src/data/characters.js"
"aegis","AEGIS","aegis.q","q","Q","Aegis Wave","charge","Not separately declared; see character identity and parameters","{""type"":""charge"",""name"":""Aegis Wave"",""cost"":6,""cd"":1,""kiPerSec"":12,""maxCharge"":2.2,""minR"":1.4,""maxR"":6,""dmgMin"":22,""dmgMax"":76,""maxBlast"":30,""speedMin"":42,""speedMax"":70,""chargePower"":2.8,""color"":""#ffd24a"",""color2"":""#fff2c0""}","src/data/characters.js"
"aegis","AEGIS","aegis.e","e","E","Shield Shout","cone","Not separately declared; see character identity and parameters","{""type"":""cone"",""name"":""Shield Shout"",""kiPerSec"":15,""range"":28,""arc"":1.2,""dps"":15,""push"":50,""color"":""#ffd24a""}","src/data/characters.js"
"aegis","AEGIS","aegis.shift","shift","SHIFT","War Stride","dash","Not separately declared; see character identity and parameters","{""type"":""dash"",""name"":""War Stride"",""cost"":5,""cd"":0.5,""power"":100,""iframes"":0.26,""color"":""#ffd24a""}","src/data/characters.js"
"aegis","AEGIS","aegis.r","r","R","Wrath of Themyscira","charge","Not separately declared; see character identity and parameters","{""type"":""charge"",""name"":""Wrath of Themyscira"",""cost"":10,""cd"":14,""kiPerSec"":13,""maxCharge"":2.3,""minR"":1.8,""maxR"":7,""dmgMin"":26,""dmgMax"":84,""maxBlast"":36,""speedMin"":36,""speedMax"":62,""chargePower"":3,""color"":""#ffd24a"",""color2"":""#fff2c0""}","src/data/characters.js"
"olympus","OLYMPUS","olympus.lmb","lmb","LMB","Living Lightning","beam","Not separately declared; see character identity and parameters","{""type"":""beam"",""material"":""shock"",""name"":""Living Lightning"",""cost"":4,""cd"":0.3,""radius"":1.1,""tipSpeed"":994,""maxLen"":145,""dps"":60,""kiPerSec"":16,""steer"":13,""color"":""#ffe066"",""color2"":""#fff""}","src/data/characters.js"
"olympus","OLYMPUS","olympus.rmb","rmb","RMB","Thunder Fist","melee","Not separately declared; see character identity and parameters","{""type"":""melee"",""name"":""Thunder Fist"",""cost"":12,""cd"":1,""damage"":28,""range"":12,""arc"":0.8,""lunge"":52,""knock"":54,""launch"":16,""color"":""#ffe066""}","src/data/characters.js"
"olympus","OLYMPUS","olympus.q","q","Q","Thunderbolt","charge","Not separately declared; see character identity and parameters","{""type"":""charge"",""name"":""Thunderbolt"",""cost"":6,""cd"":1,""kiPerSec"":12,""maxCharge"":2.2,""minR"":1.5,""maxR"":6.2,""dmgMin"":24,""dmgMax"":80,""maxBlast"":32,""speedMin"":42,""speedMax"":70,""chargePower"":2.9,""color"":""#ffe066"",""color2"":""#fff""}","src/data/characters.js"
"olympus","OLYMPUS","olympus.e","e","E","Static Storm","volley","Not separately declared; see character identity and parameters","{""type"":""volley"",""name"":""Static Storm"",""cost"":3,""interval"":0.08,""damage"":6,""speed"":112,""radius"":0.85,""blast"":3.4,""spread"":0.12,""color"":""#ffe066"",""color2"":""#fff""}","src/data/characters.js"
"olympus","OLYMPUS","olympus.shift","shift","SHIFT","Mercury Step","dash","Not separately declared; see character identity and parameters","{""type"":""dash"",""name"":""Mercury Step"",""cost"":5,""cd"":0.5,""power"":104,""iframes"":0.25,""color"":""#ffe066""}","src/data/characters.js"
"olympus","OLYMPUS","olympus.r","r","R","JUDGMENT BOLT","charge","Not separately declared; see character identity and parameters","{""type"":""charge"",""name"":""JUDGMENT BOLT"",""cost"":10,""cd"":15,""kiPerSec"":13,""maxCharge"":2.4,""minR"":2,""maxR"":7.5,""dmgMin"":28,""dmgMax"":90,""maxBlast"":40,""speedMin"":34,""speedMax"":58,""chargePower"":3.2,""color"":""#ffe066"",""color2"":""#ffffff""}","src/data/characters.js"
"marshal","MARSHAL","marshal.lmb","lmb","LMB","Alien Vision","beam","Not separately declared; see character identity and parameters","{""type"":""beam"",""material"":""arcane"",""name"":""Alien Vision"",""cost"":4,""cd"":0.3,""radius"":1,""tipSpeed"":1015,""maxLen"":150,""dps"":58,""kiPerSec"":16,""steer"":13,""dtype"":""magic"",""siphon"":0.7,""color"":""#ff4a4a"",""color2"":""#ffd24a""}","src/data/characters.js"
"marshal","MARSHAL","marshal.rmb","rmb","RMB","Density Hammer","melee","Not separately declared; see character identity and parameters","{""type"":""melee"",""name"":""Density Hammer"",""cost"":13,""cd"":1,""damage"":30,""range"":12,""arc"":0.75,""lunge"":46,""knock"":58,""launch"":18,""color"":""#7fd4ff""}","src/data/characters.js"
"marshal","MARSHAL","marshal.q","q","Q","Ghost Body","phase","Not separately declared; see character identity and parameters","{""type"":""phase"",""name"":""Ghost Body"",""kiPerSec"":17,""color"":""#7fd4ff""}","src/data/characters.js"
"marshal","MARSHAL","marshal.e","e","E","Mind Skip","teleport","Not separately declared; see character identity and parameters","{""type"":""teleport"",""name"":""Mind Skip"",""cost"":12,""cd"":1.4,""range"":52,""color"":""#7fd4ff""}","src/data/characters.js"
"marshal","MARSHAL","marshal.shift","shift","SHIFT","Wraith Dash","dash","Not separately declared; see character identity and parameters","{""type"":""dash"",""name"":""Wraith Dash"",""cost"":5,""cd"":0.5,""power"":98,""iframes"":0.28,""color"":""#7fd4ff""}","src/data/characters.js"
"marshal","MARSHAL","marshal.r","r","R","Dominion","mindcontrol","Not separately declared; see character identity and parameters","{""type"":""mindcontrol"",""name"":""Dominion"",""cost"":30,""cd"":18,""range"":42,""arc"":0.7,""dur"":6,""color"":""#7fd4ff"",""color2"":""#eaffff""}","src/data/characters.js"
"circuit","CIRCUIT","circuit.lmb","lmb","LMB","Sonic Cannon","rifle","Not separately declared; see character identity and parameters","{""type"":""rifle"",""name"":""Sonic Cannon"",""cost"":3,""interval"":0.14,""damage"":11,""speed"":165,""radius"":0.7,""blast"":3.4,""spread"":0.03,""recoil"":1.6,""color"":""#7fe6ff"",""color2"":""#fff""}","src/data/characters.js"
"circuit","CIRCUIT","circuit.rmb","rmb","RMB","White Noise Beam","beam","Not separately declared; see character identity and parameters","{""type"":""beam"",""material"":""air"",""name"":""White Noise Beam"",""cost"":8,""cd"":0.6,""radius"":2.2,""tipSpeed"":605,""maxLen"":150,""dps"":76,""kiPerSec"":22,""charge"":true,""maxCharge"":1.5,""kiChargePerSec"":14,""chargePower"":1.5,""chargeWidth"":true,""steer"":8,""color"":""#7fe6ff"",""color2"":""#eaffff""}","src/data/characters.js"
"circuit","CIRCUIT","circuit.q","q","Q","Shock Grapple","projectile","Not separately declared; see character identity and parameters","{""type"":""projectile"",""name"":""Shock Grapple"",""cost"":8,""cd"":0.5,""damage"":16,""speed"":110,""radius"":1,""blast"":6,""homing"":2.6,""color"":""#7fe6ff"",""color2"":""#fff""}","src/data/characters.js"
"circuit","CIRCUIT","circuit.e","e","E","Overload Vent","cone","Not separately declared; see character identity and parameters","{""type"":""cone"",""name"":""Overload Vent"",""kiPerSec"":16,""range"":28,""arc"":1.2,""dps"":17,""push"":46,""color"":""#7fe6ff""}","src/data/characters.js"
"circuit","CIRCUIT","circuit.shift","shift","SHIFT","Servo Burst","dash","Not separately declared; see character identity and parameters","{""type"":""dash"",""name"":""Servo Burst"",""cost"":6,""cd"":0.6,""power"":96,""iframes"":0.22,""color"":""#7fe6ff""}","src/data/characters.js"
"circuit","CIRCUIT","circuit.r","r","R","BOOYAH Cannon","beam","Not separately declared; see character identity and parameters","{""type"":""beam"",""material"":""air"",""name"":""BOOYAH Cannon"",""cost"":24,""cd"":14,""radius"":3.2,""tipSpeed"":626,""maxLen"":165,""dps"":120,""kiPerSec"":30,""charge"":true,""maxCharge"":2,""kiChargePerSec"":20,""chargePower"":2,""chargeWidth"":true,""steer"":6,""color"":""#7fe6ff"",""color2"":""#ffffff""}","src/data/characters.js"
"trench","TRENCH","trench.lmb","lmb","LMB","Trident Pierce","melee","Not separately declared; see character identity and parameters","{""type"":""melee"",""name"":""Trident Pierce"",""gear"":true,""cost"":10,""cd"":0.7,""damage"":26,""range"":14,""arc"":0.7,""lunge"":44,""knock"":48,""launch"":12,""dmgClass"":""slash"",""color"":""#7fe6ff""}","src/data/characters.js"
"trench","TRENCH","trench.rmb","rmb","RMB","The Drowned Court","summon","Not separately declared; see character identity and parameters","{""type"":""summon"",""name"":""The Drowned Court"",""cost"":18,""cd"":5,""count"":3,""max"":6,""duration"":12,""damage"":8,""interval"":0.65,""speed"":84,""color"":""#0f9f8f"",""color2"":""#eaffff""}","src/data/characters.js"
"trench","TRENCH","trench.q","q","Q","Riptide","cone","Not separately declared; see character identity and parameters","{""type"":""cone"",""name"":""Riptide"",""kiPerSec"":16,""range"":32,""arc"":1.15,""dps"":16,""push"":54,""color"":""#7fe6ff""}","src/data/characters.js"
"trench","TRENCH","trench.e","e","E","Harpoon Throw","projectile","Not separately declared; see character identity and parameters","{""type"":""projectile"",""name"":""Harpoon Throw"",""cost"":8,""cd"":0.5,""damage"":20,""speed"":115,""radius"":1,""blast"":5,""color"":""#7fe6ff"",""color2"":""#fff""}","src/data/characters.js"
"trench","TRENCH","trench.shift","shift","SHIFT","Current Ride","dash","Not separately declared; see character identity and parameters","{""type"":""dash"",""name"":""Current Ride"",""cost"":4,""cd"":0.5,""power"":100,""iframes"":0.24,""color"":""#7fe6ff""}","src/data/characters.js"
"trench","TRENCH","trench.r","r","R","MAELSTROM","growingorb","Not separately declared; see character identity and parameters","{""type"":""growingorb"",""name"":""MAELSTROM"",""cost"":20,""cd"":14,""minR"":4,""maxR"":17,""growRate"":8,""kiPerSec"":16,""color"":""#0f9f8f"",""color2"":""#eaffff""}","src/data/characters.js"
"decibel","DECIBEL","decibel.lmb","lmb","LMB","Siren Scream","cone","Not separately declared; see character identity and parameters","{""type"":""cone"",""name"":""Siren Scream"",""kiPerSec"":18,""range"":36,""arc"":1.05,""dps"":22,""push"":62,""lift"":4,""sonic"":true,""color"":""#ffe066""}","src/data/characters.js"
"decibel","DECIBEL","decibel.rmb","rmb","RMB","Combat Cadence","rush","Not separately declared; see character identity and parameters","{""type"":""rush"",""name"":""Combat Cadence"",""cost"":14,""cd"":1.9,""range"":56,""hits"":7,""interval"":0.08,""damage"":8,""finisher"":30,""color"":""#ffe066""}","src/data/characters.js"
"decibel","DECIBEL","decibel.q","q","Q","Heel Turn","melee","Not separately declared; see character identity and parameters","{""type"":""melee"",""name"":""Heel Turn"",""cost"":9,""cd"":0.7,""damage"":22,""range"":11,""arc"":0.9,""lunge"":40,""knock"":44,""launch"":10,""color"":""#ffe066""}","src/data/characters.js"
"decibel","DECIBEL","decibel.e","e","E","Focused Note","projectile","Not separately declared; see character identity and parameters","{""type"":""projectile"",""name"":""Focused Note"",""cost"":7,""cd"":0.4,""damage"":16,""speed"":130,""radius"":0.9,""blast"":5,""color"":""#ffe066"",""color2"":""#fff""}","src/data/characters.js"
"decibel","DECIBEL","decibel.shift","shift","SHIFT","Staccato Step","dash","Not separately declared; see character identity and parameters","{""type"":""dash"",""name"":""Staccato Step"",""cost"":4,""cd"":0.5,""power"":98,""iframes"":0.28,""color"":""#ffe066""}","src/data/characters.js"
"coldsnap","COLDSNAP","coldsnap.lmb","lmb","LMB","Cold Gun","rifle","Not separately declared; see character identity and parameters","{""type"":""rifle"",""name"":""Cold Gun"",""cost"":4,""interval"":0.28,""damage"":15,""speed"":150,""radius"":0.8,""blast"":3.5,""spread"":0.01,""recoil"":2,""color"":""#bfeaff"",""color2"":""#eaffff""}","src/data/characters.js"
"coldsnap","COLDSNAP","coldsnap.rmb","rmb","RMB","Flash Frost","cone","Not separately declared; see character identity and parameters","{""type"":""cone"",""name"":""Flash Frost"",""kiPerSec"":19,""range"":32,""arc"":1.1,""dps"":20,""cold"":true,""frost"":0.6,""color"":""#bfeaff""}","src/data/characters.js"
"coldsnap","COLDSNAP","coldsnap.q","q","Q","Glacier Wall","construct","Not separately declared; see character identity and parameters","{""type"":""construct"",""name"":""Glacier Wall"",""cost"":11,""cd"":6,""construct"":""wall"",""duration"":9,""holdTrigger"":true,""color"":""#bfeaff""}","src/data/characters.js"
"coldsnap","COLDSNAP","coldsnap.e","e","E","Cryo Charge","projectile","Not separately declared; see character identity and parameters","{""type"":""projectile"",""name"":""Cryo Charge"",""cost"":9,""cd"":0.7,""damage"":20,""speed"":72,""radius"":1.4,""blast"":9,""grav"":8,""shock"":true,""color"":""#bfeaff"",""color2"":""#eaffff""}","src/data/characters.js"
"coldsnap","COLDSNAP","coldsnap.f","f","H","Cold Read","buff","Not separately declared; see character identity and parameters","{""type"":""buff"",""name"":""Cold Read"",""cost"":20,""cd"":16,""mult"":1.45,""dur"":9,""color"":""#bfeaff"",""color2"":""#fff""}","src/data/characters.js"
"coldsnap","COLDSNAP","coldsnap.shift","shift","SHIFT","Getaway","dash","Not separately declared; see character identity and parameters","{""type"":""dash"",""name"":""Getaway"",""cost"":4,""cd"":0.5,""power"":96,""iframes"":0.26,""color"":""#bfeaff""}","src/data/characters.js"
"coldsnap","COLDSNAP","coldsnap.r","r","R","Absolute Frost","charge","Not separately declared; see character identity and parameters","{""type"":""charge"",""name"":""Absolute Frost"",""cost"":10,""cd"":14,""kiPerSec"":13,""maxCharge"":2.3,""minR"":1.8,""maxR"":7,""dmgMin"":24,""dmgMax"":80,""maxBlast"":36,""speedMin"":34,""speedMax"":58,""chargePower"":3,""color"":""#bfeaff"",""color2"":""#eaffff""}","src/data/characters.js"
"foundry","CRUCIBLE","foundry.lmb","lmb","LMB","Foundry Hammer","melee","Not separately declared; see character identity and parameters","{""type"":""melee"",""name"":""Foundry Hammer"",""cost"":11,""cd"":0.9,""damage"":32,""range"":13,""arc"":0.85,""lunge"":40,""knock"":58,""launch"":18,""color"":""#c9cfd9""}","src/data/characters.js"
"foundry","CRUCIBLE","foundry.rmb","rmb","RMB","Hammer Toss","projectile","Not separately declared; see character identity and parameters","{""type"":""projectile"",""name"":""Hammer Toss"",""cost"":10,""cd"":0.8,""damage"":26,""speed"":100,""radius"":1.4,""blast"":9,""color"":""#c9cfd9"",""color2"":""#fff""}","src/data/characters.js"
"foundry","CRUCIBLE","foundry.q","q","Q","Rivet Gun","rifle","Not separately declared; see character identity and parameters","{""type"":""rifle"",""name"":""Rivet Gun"",""cost"":3,""interval"":0.12,""damage"":8,""speed"":160,""radius"":0.6,""blast"":2.8,""spread"":0.04,""recoil"":1.2,""color"":""#ff9a2a"",""color2"":""#fff""}","src/data/characters.js"
"foundry","CRUCIBLE","foundry.e","e","E","Forge Vent","cone","Not separately declared; see character identity and parameters","{""type"":""cone"",""name"":""Forge Vent"",""kiPerSec"":16,""range"":28,""arc"":1.2,""dps"":18,""push"":44,""color"":""#ff9a2a""}","src/data/characters.js"
"foundry","CRUCIBLE","foundry.shift","shift","SHIFT","Piston Drive","dash","Not separately declared; see character identity and parameters","{""type"":""dash"",""name"":""Piston Drive"",""cost"":5,""cd"":0.6,""power"":94,""iframes"":0.22,""color"":""#c9cfd9""}","src/data/characters.js"
"foundry","CRUCIBLE","foundry.r","r","R","Orbital Forge","meteor","Not separately declared; see character identity and parameters","{""type"":""meteor"",""name"":""Orbital Forge"",""cost"":32,""cd"":18,""count"":12,""interval"":0.18,""spread"":26,""radius"":3,""damage"":33,""blast"":18,""color"":""#ff9a2a"",""color2"":""#ffd97a""}","src/data/characters.js"
"talon","TALON","talon.lmb","lmb","LMB","Escrima Cross","melee","Not separately declared; see character identity and parameters","{""type"":""melee"",""name"":""Escrima Cross"",""gear"":true,""cost"":8,""cd"":0.55,""damage"":18,""range"":11,""arc"":0.9,""lunge"":42,""knock"":36,""launch"":8,""color"":""#37c7ff""}","src/data/characters.js"
"talon","TALON","talon.rmb","rmb","RMB","Flying Grayson","rush","Not separately declared; see character identity and parameters","{""type"":""rush"",""name"":""Flying Grayson"",""cost"":14,""cd"":1.8,""range"":58,""hits"":7,""interval"":0.08,""damage"":8,""finisher"":30,""color"":""#37c7ff""}","src/data/characters.js"
"talon","TALON","talon.q","q","Q","Wing-Ding Fan","volley","Not separately declared; see character identity and parameters","{""type"":""volley"",""name"":""Wing-Ding Fan"",""cost"":3,""interval"":0.1,""damage"":6,""speed"":125,""radius"":0.7,""blast"":2.6,""spread"":0.11,""arrow"":true,""color"":""#37c7ff"",""color2"":""#fff""}","src/data/characters.js"
"talon","TALON","talon.e","e","E","Staff Sweep","melee","Not separately declared; see character identity and parameters","{""type"":""melee"",""name"":""Staff Sweep"",""gear"":true,""cost"":10,""cd"":0.8,""damage"":24,""range"":13,""arc"":1.15,""lunge"":30,""knock"":46,""launch"":12,""color"":""#37c7ff""}","src/data/characters.js"
"talon","TALON","talon.shift","shift","SHIFT","Tumbler","dash","Not separately declared; see character identity and parameters","{""type"":""dash"",""name"":""Tumbler"",""cost"":4,""cd"":0.45,""power"":102,""iframes"":0.3,""color"":""#37c7ff""}","src/data/characters.js"
"abeo","ABEO","abeo.lmb","lmb","LMB","Iron Palm","melee","Not separately declared; see character identity and parameters","{""type"":""melee"",""name"":""Iron Palm"",""cost"":10,""cd"":0.8,""damage"":30,""range"":12,""arc"":0.85,""lunge"":38,""knock"":56,""launch"":16,""color"":""#ffd97a""}","src/data/characters.js"
"abeo","ABEO","abeo.rmb","rmb","RMB","Shockwave Stomp","cone","Not separately declared; see character identity and parameters","{""type"":""cone"",""name"":""Shockwave Stomp"",""kiPerSec"":16,""range"":28,""arc"":1.3,""dps"":16,""push"":54,""lift"":5,""color"":""#ffd97a""}","src/data/characters.js"
"abeo","ABEO","abeo.q","q","Q","Shrapnel Fist","projectile","Not separately declared; see character identity and parameters","{""type"":""projectile"",""name"":""Shrapnel Fist"",""cost"":8,""cd"":0.6,""damage"":20,""speed"":95,""radius"":1.2,""blast"":6,""color"":""#ffd97a"",""color2"":""#fff""}","src/data/characters.js"
"abeo","ABEO","abeo.e","e","E","Guard Break","melee","Not separately declared; see character identity and parameters","{""type"":""melee"",""name"":""Guard Break"",""cost"":12,""cd"":1.1,""damage"":26,""range"":12,""arc"":0.75,""lunge"":44,""knock"":50,""launch"":14,""color"":""#ffd97a""}","src/data/characters.js"
"abeo","ABEO","abeo.shift","shift","SHIFT","Bulwark Rush","dash","Not separately declared; see character identity and parameters","{""type"":""dash"",""name"":""Bulwark Rush"",""cost"":5,""cd"":0.6,""power"":92,""iframes"":0.2,""color"":""#ffd97a""}","src/data/characters.js"
"abeo","ABEO","abeo.r","r","R","Foundation Breaker","charge","Not separately declared; see character identity and parameters","{""type"":""charge"",""name"":""Foundation Breaker"",""cost"":8,""cd"":14,""kiPerSec"":12,""maxCharge"":2.2,""minR"":1.6,""maxR"":6.6,""dmgMin"":26,""dmgMax"":84,""maxBlast"":34,""speedMin"":36,""speedMax"":62,""chargePower"":3,""color"":""#ffd97a"",""color2"":""#fff2c0""}","src/data/characters.js"
"jelani","JELANI","jelani.lmb","lmb","LMB","Piston Blow","melee","Not separately declared; see character identity and parameters","{""type"":""melee"",""name"":""Piston Blow"",""cost"":9,""cd"":0.55,""damage"":26,""range"":11,""arc"":0.8,""lunge"":48,""knock"":44,""launch"":10,""color"":""#ffb03a""}","src/data/characters.js"
"jelani","JELANI","jelani.rmb","rmb","RMB","Blur Assault","rush","Not separately declared; see character identity and parameters","{""type"":""rush"",""name"":""Blur Assault"",""cost"":14,""cd"":1.8,""range"":60,""hits"":8,""interval"":0.07,""damage"":9,""finisher"":32,""color"":""#ffb03a""}","src/data/characters.js"
"jelani","JELANI","jelani.q","q","Q","Sonic Wake","cone","Not separately declared; see character identity and parameters","{""type"":""cone"",""name"":""Sonic Wake"",""kiPerSec"":15,""range"":26,""arc"":1.2,""dps"":15,""push"":46,""color"":""#ffb03a""}","src/data/characters.js"
"jelani","JELANI","jelani.e","e","E","Spear Tackle","melee","Not separately declared; see character identity and parameters","{""type"":""melee"",""name"":""Spear Tackle"",""cost"":12,""cd"":1,""damage"":28,""range"":13,""arc"":0.7,""lunge"":66,""knock"":56,""launch"":16,""fly"":true,""color"":""#ffb03a""}","src/data/characters.js"
"jelani","JELANI","jelani.f","f","H","Second Wind","buff","Not separately declared; see character identity and parameters","{""type"":""buff"",""name"":""Second Wind"",""cost"":20,""cd"":16,""mult"":1.5,""dur"":9,""heal"":25,""color"":""#ffb03a"",""color2"":""#fff""}","src/data/characters.js"
"jelani","JELANI","jelani.shift","shift","SHIFT","Afterburn","dash","Not separately declared; see character identity and parameters","{""type"":""dash"",""name"":""Afterburn"",""cost"":4,""cd"":0.45,""power"":112,""iframes"":0.26,""color"":""#ffb03a"",""dtype"":""fire""}","src/data/characters.js"
"jelani","JELANI","jelani.r","r","R","A Hundred Hands","rush","Not separately declared; see character identity and parameters","{""type"":""rush"",""name"":""A Hundred Hands"",""cost"":18,""cd"":12,""range"":68,""hits"":11,""interval"":0.05,""damage"":8,""finisher"":34,""color"":""#ffb03a""}","src/data/characters.js"
"kamaria","KAMARIA","kamaria.lmb","lmb","LMB","Veiled Edge","melee","Not separately declared; see character identity and parameters","{""type"":""melee"",""name"":""Veiled Edge"",""cost"":9,""cd"":0.6,""damage"":23,""range"":11,""arc"":0.85,""lunge"":42,""knock"":40,""launch"":8,""dmgClass"":""slash"",""color"":""#7fe6ff""}","src/data/characters.js"
"kamaria","KAMARIA","kamaria.rmb","rmb","RMB","Untouchable","phase","Not separately declared; see character identity and parameters","{""type"":""phase"",""name"":""Untouchable"",""kiPerSec"":17,""color"":""#7fe6ff""}","src/data/characters.js"
"kamaria","KAMARIA","kamaria.q","q","Q","Veil Step","teleport","Not separately declared; see character identity and parameters","{""type"":""teleport"",""name"":""Veil Step"",""cost"":11,""cd"":1.2,""range"":46,""color"":""#7fe6ff""}","src/data/characters.js"
"kamaria","KAMARIA","kamaria.e","e","E","Phase Bolt","projectile","Not separately declared; see character identity and parameters","{""type"":""projectile"",""name"":""Phase Bolt"",""cost"":7,""cd"":0.4,""damage"":15,""speed"":105,""radius"":0.9,""blast"":4.5,""homing"":2,""color"":""#7fe6ff"",""color2"":""#eaffff""}","src/data/characters.js"
"kamaria","KAMARIA","kamaria.f","f","H","Half-Here","buff","Not separately declared; see character identity and parameters","{""type"":""buff"",""name"":""Half-Here"",""cost"":22,""cd"":18,""mult"":1.4,""dur"":9,""invuln"":0.8,""color"":""#7fe6ff"",""color2"":""#fff""}","src/data/characters.js"
"kamaria","KAMARIA","kamaria.shift","shift","SHIFT","Slip Veil","dash","Not separately declared; see character identity and parameters","{""type"":""dash"",""name"":""Slip Veil"",""cost"":4,""cd"":0.5,""power"":100,""iframes"":0.3,""color"":""#7fe6ff""}","src/data/characters.js"
"kamaria","KAMARIA","kamaria.r","r","R","Ten Veils","rush","Not separately declared; see character identity and parameters","{""type"":""rush"",""name"":""Ten Veils"",""cost"":18,""cd"":12,""range"":62,""hits"":8,""interval"":0.07,""damage"":9,""finisher"":32,""color"":""#7fe6ff""}","src/data/characters.js"
"ramiro","RAMIRO","ramiro.lmb","lmb","LMB","Riot Scattergun","rifle","Not separately declared; see character identity and parameters","{""type"":""rifle"",""name"":""Riot Scattergun"",""cost"":6,""interval"":0.55,""damage"":26,""speed"":140,""radius"":1.1,""blast"":6,""spread"":0.06,""recoil"":4.5,""color"":""#ff5a4a"",""color2"":""#fff""}","src/data/characters.js"
"ramiro","RAMIRO","ramiro.rmb","rmb","RMB","Service Revolver","rifle","Not separately declared; see character identity and parameters","{""type"":""rifle"",""name"":""Service Revolver"",""cost"":4,""interval"":0.3,""damage"":14,""speed"":155,""radius"":0.7,""blast"":3,""spread"":0.015,""recoil"":2,""color"":""#ffd97a"",""color2"":""#fff""}","src/data/characters.js"
"ramiro","RAMIRO","ramiro.q","q","Q","Nightstick","melee","Not separately declared; see character identity and parameters","{""type"":""melee"",""name"":""Nightstick"",""gear"":true,""cost"":9,""cd"":0.7,""damage"":24,""range"":11,""arc"":0.9,""lunge"":36,""knock"":46,""launch"":8,""color"":""#ff5a4a""}","src/data/characters.js"
"ramiro","RAMIRO","ramiro.e","e","E","Gas Canister","projectile","Not separately declared; see character identity and parameters","{""type"":""projectile"",""name"":""Gas Canister"",""gear"":true,""cost"":9,""cd"":0.8,""damage"":12,""speed"":62,""radius"":1.4,""blast"":10,""grav"":10,""payload"":""gas"",""canister"":true,""color"":""#8a8f99"",""color2"":""#e8e4da"",""dtype"":""toxic""}","src/data/characters.js"
"ramiro","RAMIRO","ramiro.shift","shift","SHIFT","Duck & Cover","dash","Not separately declared; see character identity and parameters","{""type"":""dash"",""name"":""Duck & Cover"",""cost"":4,""cd"":0.55,""power"":92,""iframes"":0.28,""color"":""#ff5a4a""}","src/data/characters.js"
"ramiro","RAMIRO","ramiro.r","r","R","Backup Called","summon","Not separately declared; see character identity and parameters","{""type"":""summon"",""name"":""Backup Called"",""cost"":26,""cd"":16,""count"":3,""max"":6,""duration"":13,""damage"":8,""interval"":0.6,""speed"":86,""color"":""#2a5ad8"",""color2"":""#ff5a4a""}","src/data/characters.js"
"jawah","JAWAH MATU","jawah.lmb","lmb","LMB","Absorption Field","cone","Not separately declared; see character identity and parameters","{""type"":""cone"",""name"":""Absorption Field"",""kiPerSec"":14,""range"":32,""arc"":1.15,""dps"":12,""push"":8,""kiDrain"":14,""color"":""#8fe08a""}","src/data/characters.js"
"jawah","JAWAH MATU","jawah.rmb","rmb","RMB","Dead-Air Palm","melee","Not separately declared; see character identity and parameters","{""type"":""melee"",""name"":""Dead-Air Palm"",""cost"":9,""cd"":0.7,""damage"":24,""range"":11,""arc"":0.85,""lunge"":40,""knock"":44,""launch"":10,""color"":""#8fe08a""}","src/data/characters.js"
"jawah","JAWAH MATU","jawah.q","q","Q","Null Wave","projectile","Not separately declared; see character identity and parameters","{""type"":""projectile"",""name"":""Null Wave"",""cost"":7,""cd"":0.45,""damage"":15,""speed"":110,""radius"":1,""blast"":5,""color"":""#8fe08a"",""color2"":""#d8d2c4""}","src/data/characters.js"
"jawah","JAWAH MATU","jawah.e","e","E","Returned Thunder","cone","Not separately declared; see character identity and parameters","{""type"":""cone"",""name"":""Returned Thunder"",""kiPerSec"":18,""range"":34,""arc"":1,""dps"":24,""push"":56,""color"":""#d8d2c4""}","src/data/characters.js"
"jawah","JAWAH MATU","jawah.shift","shift","SHIFT","Hush","dash","Not separately declared; see character identity and parameters","{""type"":""dash"",""name"":""Hush"",""cost"":4,""cd"":0.5,""power"":98,""iframes"":0.28,""color"":""#8fe08a""}","src/data/characters.js"
"jawah","JAWAH MATU","jawah.r","r","R","EVERY SOUND AT ONCE","charge","Not separately declared; see character identity and parameters","{""type"":""charge"",""name"":""EVERY SOUND AT ONCE"",""cost"":8,""cd"":14,""kiPerSec"":12,""maxCharge"":2.3,""minR"":1.8,""maxR"":7,""dmgMin"":26,""dmgMax"":84,""maxBlast"":36,""speedMin"":36,""speedMax"":60,""chargePower"":3,""color"":""#8fe08a"",""color2"":""#eaffea""}","src/data/characters.js"
"moses","MOSES APIO","moses.lmb","lmb","LMB","Atlas Tendrils","tentacle","Not separately declared; see character identity and parameters","{""type"":""tentacle"",""name"":""Atlas Tendrils"",""cost"":16,""cd"":4.5,""range"":34,""holdT"":0.55,""damage"":14,""throwSpeed"":88,""color"":""#9dff5a""}","src/data/characters.js"
"moses","MOSES APIO","moses.rmb","rmb","RMB","Symbiont Fist","melee","Not separately declared; see character identity and parameters","{""type"":""melee"",""name"":""Symbiont Fist"",""cost"":10,""cd"":0.8,""damage"":25,""range"":12,""arc"":0.85,""lunge"":44,""knock"":46,""launch"":12,""color"":""#9dff5a""}","src/data/characters.js"
"moses","MOSES APIO","moses.q","q","Q","Protocol Surge","rush","Not separately declared; see character identity and parameters","{""type"":""rush"",""name"":""Protocol Surge"",""cost"":14,""cd"":2,""range"":56,""hits"":6,""interval"":0.09,""damage"":9,""finisher"":30,""color"":""#9dff5a""}","src/data/characters.js"
"moses","MOSES APIO","moses.e","e","E","Bio Spike","projectile","Not separately declared; see character identity and parameters","{""type"":""projectile"",""name"":""Bio Spike"",""cost"":7,""cd"":0.4,""damage"":15,""speed"":100,""radius"":1,""blast"":5,""homing"":2,""color"":""#9dff5a"",""color2"":""#eaffea""}","src/data/characters.js"
"moses","MOSES APIO","moses.f","f","H","Regenerative Bond","buff","Not separately declared; see character identity and parameters","{""type"":""buff"",""name"":""Regenerative Bond"",""cost"":20,""cd"":16,""mult"":1.35,""dur"":9,""heal"":45,""color"":""#9dff5a"",""color2"":""#fff""}","src/data/characters.js"
"moses","MOSES APIO","moses.shift","shift","SHIFT","Adaptive Slip","dash","Not separately declared; see character identity and parameters","{""type"":""dash"",""name"":""Adaptive Slip"",""cost"":4,""cd"":0.5,""power"":98,""iframes"":0.26,""color"":""#9dff5a""}","src/data/characters.js"
"dune","DUNE","dune.lmb","lmb","LMB","Sandblast","cone","Not separately declared; see character identity and parameters","{""type"":""cone"",""name"":""Sandblast"",""kiPerSec"":17,""range"":32,""arc"":1.1,""dps"":20,""push"":30,""gasDot"":{""dps"":4,""dur"":2,""color"":""#d8a020"",""kind"":""abrade""},""color"":""#ffe8c0""}","src/data/characters.js"
"dune","DUNE","dune.rmb","rmb","RMB","Sand Rampart","construct","Not separately declared; see character identity and parameters","{""type"":""construct"",""name"":""Sand Rampart"",""cost"":12,""cd"":6,""construct"":""wall"",""duration"":9,""holdTrigger"":true,""color"":""#d8a020""}","src/data/characters.js"
"dune","DUNE","dune.q","q","Q","Fist of the Waste","projectile","Not separately declared; see character identity and parameters","{""type"":""projectile"",""name"":""Fist of the Waste"",""cost"":9,""cd"":0.6,""damage"":22,""speed"":66,""radius"":1.7,""blast"":10,""grav"":9,""shock"":true,""color"":""#d8a020"",""color2"":""#ffe8c0""}","src/data/characters.js"
"dune","DUNE","dune.e","e","E","Dust Sentry","construct","Not separately declared; see character identity and parameters","{""type"":""construct"",""name"":""Dust Sentry"",""cost"":15,""cd"":8,""construct"":""turret"",""duration"":12,""color"":""#d8a020""}","src/data/characters.js"
"dune","DUNE","dune.shift","shift","SHIFT","Grain Drift","dash","Not separately declared; see character identity and parameters","{""type"":""dash"",""name"":""Grain Drift"",""cost"":4,""cd"":0.55,""power"":96,""iframes"":0.26,""color"":""#ffe8c0""}","src/data/characters.js"
"dune","DUNE","dune.r","r","R","SANDSTORM","meteor","Not separately declared; see character identity and parameters","{""type"":""meteor"",""name"":""SANDSTORM"",""cost"":32,""cd"":18,""count"":13,""interval"":0.17,""spread"":28,""radius"":3,""damage"":31,""blast"":17,""color"":""#d8a020"",""color2"":""#ffe8c0""}","src/data/characters.js"
"graven","GRAVEN","graven.lmb","lmb","LMB","Gravity Shear","cone","Not separately declared; see character identity and parameters","{""type"":""cone"",""name"":""Gravity Shear"",""kiPerSec"":17,""range"":32,""arc"":1.1,""dps"":16,""push"":44,""lift"":8,""color"":""#7fb0ff""}","src/data/characters.js"
"graven","GRAVEN","graven.rmb","rmb","RMB","Event Well","growingorb","Not separately declared; see character identity and parameters","{""type"":""growingorb"",""name"":""Event Well"",""cost"":18,""cd"":12,""minR"":3.5,""maxR"":15,""growRate"":9,""kiPerSec"":15,""color"":""#7fb0ff"",""color2"":""#eaffff""}","src/data/characters.js"
"graven","GRAVEN","graven.q","q","Q","Dense Star","projectile","Not separately declared; see character identity and parameters","{""type"":""projectile"",""name"":""Dense Star"",""cost"":9,""cd"":0.6,""damage"":22,""speed"":58,""radius"":1.8,""blast"":11,""grav"":9,""shock"":true,""color"":""#7fb0ff"",""color2"":""#d0e0ff""}","src/data/characters.js"
"graven","GRAVEN","graven.e","e","E","Displacement","teleport","Not separately declared; see character identity and parameters","{""type"":""teleport"",""name"":""Displacement"",""cost"":11,""cd"":1.3,""range"":48,""color"":""#7fb0ff""}","src/data/characters.js"
"graven","GRAVEN","graven.f","f","H","Zero-G Field","buff","Not separately declared; see character identity and parameters","{""type"":""buff"",""name"":""Zero-G Field"",""cost"":24,""cd"":18,""mult"":1.5,""dur"":10,""color"":""#7fb0ff"",""color2"":""#fff""}","src/data/characters.js"
"graven","GRAVEN","graven.shift","shift","SHIFT","Slingshot","dash","Not separately declared; see character identity and parameters","{""type"":""dash"",""name"":""Slingshot"",""cost"":5,""cd"":0.55,""power"":100,""iframes"":0.24,""color"":""#7fb0ff""}","src/data/characters.js"
"graven","GRAVEN","graven.r","r","R","SINGULARITY SEED","charge","Not separately declared; see character identity and parameters","{""type"":""charge"",""name"":""SINGULARITY SEED"",""cost"":10,""cd"":15,""kiPerSec"":13,""maxCharge"":2.4,""minR"":2,""maxR"":7.5,""dmgMin"":28,""dmgMax"":92,""maxBlast"":40,""speedMin"":32,""speedMax"":56,""chargePower"":3.3,""color"":""#7fb0ff"",""color2"":""#eaffff""}","src/data/characters.js"
"bulwark","BULWARK","bulwark.lmb","lmb","LMB","Rampart Fist","melee","Not separately declared; see character identity and parameters","{""type"":""melee"",""name"":""Rampart Fist"",""cost"":10,""cd"":0.85,""damage"":30,""range"":12,""arc"":0.85,""lunge"":34,""knock"":54,""launch"":16,""color"":""#c9cfd9""}","src/data/characters.js"
"bulwark","BULWARK","bulwark.rmb","rmb","RMB","Bastion Wall","construct","Not separately declared; see character identity and parameters","{""type"":""construct"",""name"":""Bastion Wall"",""cost"":11,""cd"":5,""construct"":""wall"",""duration"":10,""holdTrigger"":true,""color"":""#c9cfd9""}","src/data/characters.js"
"bulwark","BULWARK","bulwark.q","q","Q","Repulse Field","cone","Not separately declared; see character identity and parameters","{""type"":""cone"",""name"":""Repulse Field"",""kiPerSec"":16,""range"":28,""arc"":1.3,""dps"":15,""push"":56,""color"":""#c9cfd9""}","src/data/characters.js"
"bulwark","BULWARK","bulwark.e","e","E","Watchtower","construct","Not separately declared; see character identity and parameters","{""type"":""construct"",""name"":""Watchtower"",""cost"":16,""cd"":8,""construct"":""turret"",""duration"":12,""color"":""#c9cfd9""}","src/data/characters.js"
"bulwark","BULWARK","bulwark.f","f","H","Hold the Line","buff","Not separately declared; see character identity and parameters","{""type"":""buff"",""name"":""Hold the Line"",""cost"":22,""cd"":18,""mult"":1.4,""dur"":11,""heal"":35,""color"":""#c9cfd9"",""color2"":""#fff""}","src/data/characters.js"
"bulwark","BULWARK","bulwark.shift","shift","SHIFT","Advance","dash","Not separately declared; see character identity and parameters","{""type"":""dash"",""name"":""Advance"",""cost"":5,""cd"":0.65,""power"":88,""iframes"":0.2,""color"":""#c9cfd9""}","src/data/characters.js"
"bulwark","BULWARK","bulwark.r","r","R","SIEGE END","charge","Not separately declared; see character identity and parameters","{""type"":""charge"",""name"":""SIEGE END"",""cost"":8,""cd"":14,""kiPerSec"":12,""maxCharge"":2.3,""minR"":1.8,""maxR"":7,""dmgMin"":26,""dmgMax"":86,""maxBlast"":36,""speedMin"":34,""speedMax"":58,""chargePower"":3,""color"":""#c9cfd9"",""color2"":""#eaffff""}","src/data/characters.js"
"feral","FERAL","feral.lmb","lmb","LMB","Rend","melee","Not separately declared; see character identity and parameters","{""type"":""melee"",""name"":""Rend"",""cost"":8,""cd"":0.5,""damage"":22,""range"":11,""arc"":0.9,""lunge"":46,""knock"":36,""launch"":8,""dmgClass"":""slash"",""color"":""#ffb03a""}","src/data/characters.js"
"feral","FERAL","feral.rmb","rmb","RMB","Pack Hunt","rush","Not separately declared; see character identity and parameters","{""type"":""rush"",""name"":""Pack Hunt"",""cost"":14,""cd"":1.8,""range"":58,""hits"":7,""interval"":0.08,""damage"":9,""finisher"":32,""color"":""#ffb03a""}","src/data/characters.js"
"feral","FERAL","feral.q","q","Q","Apex Roar","cone","Not separately declared; see character identity and parameters","{""type"":""cone"",""name"":""Apex Roar"",""kiPerSec"":16,""range"":30,""arc"":1.2,""dps"":16,""push"":52,""color"":""#ffb03a""}","src/data/characters.js"
"feral","FERAL","feral.e","e","E","Savage Lunge","melee","Not separately declared; see character identity and parameters","{""type"":""melee"",""name"":""Savage Lunge"",""cost"":12,""cd"":1,""damage"":27,""range"":13,""arc"":0.75,""lunge"":64,""knock"":50,""launch"":14,""fly"":true,""dmgClass"":""slash"",""color"":""#ffb03a""}","src/data/characters.js"
"feral","FERAL","feral.shift","shift","SHIFT","Predator Weave","dash","Not separately declared; see character identity and parameters","{""type"":""dash"",""name"":""Predator Weave"",""cost"":4,""cd"":0.45,""power"":106,""iframes"":0.26,""color"":""#ffb03a""}","src/data/characters.js"
"feral","FERAL","feral.r","r","R","NO CAGES","rush","Not separately declared; see character identity and parameters","{""type"":""rush"",""name"":""NO CAGES"",""cost"":18,""cd"":12,""range"":66,""hits"":10,""interval"":0.06,""damage"":8,""finisher"":24,""dmgClass"":""slash"",""color"":""#ffb03a""}","src/data/characters.js"
"breach","BREACH","breach.lmb","lmb","LMB","Breach Shotgun","rifle","Not separately declared; see character identity and parameters","{""type"":""rifle"",""weapon"":""shotgun"",""voice"":""shotgun12"",""name"":""Breach Shotgun"",""gear"":true,""cost"":8,""interval"":0.78,""damage"":7,""pellets"":7,""speed"":155,""radius"":0.5,""blast"":1.5,""spread"":0.15,""recoil"":5,""color"":""#efc66d"",""color2"":""#fff0c6""}","src/data/military-characters.js"
"breach","BREACH","breach.rmb","rmb","RMB","Concussion Launcher","projectile","Not separately declared; see character identity and parameters","{""type"":""projectile"",""name"":""Concussion Launcher"",""gear"":true,""cost"":14,""cd"":1.5,""damage"":23,""speed"":85,""radius"":1.1,""blast"":12,""grav"":8,""shock"":true,""canister"":true,""color"":""#8c9e70"",""color2"":""#efc66d""}","src/data/military-characters.js"
"breach","BREACH","breach.q","q","Q","Shield Check","melee","Not separately declared; see character identity and parameters","{""type"":""melee"",""name"":""Shield Check"",""gear"":true,""cost"":8,""cd"":1.2,""damage"":14,""range"":9,""arc"":0.85,""lunge"":26,""knock"":37,""launch"":3,""color"":""#efc66d""}","src/data/military-characters.js"
"breach","BREACH","breach.e","e","E","Entry Charge","mine","Not separately declared; see character identity and parameters","{""type"":""mine"",""name"":""Entry Charge"",""gear"":true,""cost"":14,""cd"":3,""damage"":25,""blast"":12,""trigger"":8,""duration"":20,""color"":""#efc66d""}","src/data/military-characters.js"
"breach","BREACH","breach.f","f","H","Field Dressing","buff","Not separately declared; see character identity and parameters","{""type"":""buff"",""name"":""Field Dressing"",""gear"":true,""cost"":20,""cd"":20,""mult"":1,""dur"":3,""heal"":26,""color"":""#9ec58b""}","src/data/military-characters.js"
"breach","BREACH","breach.shift","shift","SHIFT","Entry Roll","dash","Not separately declared; see character identity and parameters","{""type"":""dash"",""name"":""Entry Roll"",""cost"":5,""cd"":0.8,""power"":84,""iframes"":0.23,""color"":""#efc66d""}","src/data/military-characters.js"
"breach","BREACH","breach.r","r","R","Demolition Round","projectile","Not separately declared; see character identity and parameters","{""type"":""projectile"",""name"":""Demolition Round"",""gear"":true,""cost"":30,""cd"":12,""damage"":42,""speed"":75,""radius"":1.4,""blast"":18,""shock"":true,""canister"":true,""color"":""#e69c48"",""color2"":""#ffe3aa""}","src/data/military-characters.js"
"recon","RECON","recon.lmb","lmb","LMB","Scout Blaster","rifle","Not separately declared; see character identity and parameters","{""type"":""rifle"",""weapon"":""rifle"",""voice"":""ar556"",""name"":""Scout Blaster"",""gear"":true,""cost"":2,""interval"":0.13,""damage"":6,""speed"":205,""radius"":0.45,""blast"":1.5,""spread"":0.03,""recoil"":1.4,""color"":""#ff7650"",""color2"":""#ffe6c0""}","src/data/military-characters.js"
"recon","RECON","recon.rmb","rmb","RMB","Charged Sidearm","charge","Not separately declared; see character identity and parameters","{""type"":""charge"",""name"":""Charged Sidearm"",""gear"":true,""cost"":4,""cd"":0.65,""kiPerSec"":9,""maxCharge"":1.3,""minR"":0.55,""maxR"":1.7,""dmgMin"":10,""dmgMax"":32,""maxBlast"":7,""speedMin"":130,""speedMax"":180,""chargePower"":1.7,""color"":""#83cbd4"",""color2"":""#efffff""}","src/data/military-characters.js"
"recon","RECON","recon.q","q","Q","Scoped Marksman Rifle","rifle","Not separately declared; see character identity and parameters","{""type"":""rifle"",""weapon"":""rifle"",""voice"":""sniper762"",""name"":""Scoped Marksman Rifle"",""gear"":true,""cost"":0,""magazine"":5,""reserveAmmo"":30,""reloadTime"":2.6,""scopeZoom"":4,""life"":3,""interval"":1.2,""damage"":31,""speed"":320,""radius"":0.45,""blast"":0,""spread"":0.0015,""recoil"":3.6,""color"":""#efc66d"",""color2"":""#fff1cb""}","src/data/military-characters.js"
"recon","RECON","recon.e","e","E","Scout Grenade","projectile","Not separately declared; see character identity and parameters","{""type"":""projectile"",""name"":""Scout Grenade"",""gear"":true,""cost"":10,""cd"":1.2,""damage"":23,""speed"":58,""radius"":1.1,""blast"":12,""grav"":11,""shock"":true,""canister"":true,""color"":""#789690"",""color2"":""#efc66d""}","src/data/military-characters.js"
"recon","RECON","recon.f","f","H","Trauma Patch","buff","Not separately declared; see character identity and parameters","{""type"":""buff"",""name"":""Trauma Patch"",""gear"":true,""cost"":20,""cd"":20,""mult"":1,""dur"":3,""heal"":22,""color"":""#9ec58b""}","src/data/military-characters.js"
"recon","RECON","recon.shift","shift","SHIFT","Scout Roll","dash","Not separately declared; see character identity and parameters","{""type"":""dash"",""name"":""Scout Roll"",""cost"":5,""cd"":0.7,""power"":92,""iframes"":0.23,""color"":""#83cbd4""}","src/data/military-characters.js"
"recon","RECON","recon.r","r","R","Anti-Armor Rocket","projectile","Not separately declared; see character identity and parameters","{""type"":""projectile"",""name"":""Anti-Armor Rocket"",""gear"":true,""cost"":30,""cd"":12,""damage"":39,""speed"":100,""radius"":1.1,""blast"":15,""shock"":true,""canister"":true,""color"":""#e69c48"",""color2"":""#ffe3aa""}","src/data/military-characters.js"
